timestamp,emg1,emg2,emg3,emg4,emg5,emg6,emg7,emg8
1535252458080836,0,0,5,3,2,1,0,-2
1535252458080836,2,2,1,1,4,4,2,-1
1535252458080949,0,0,-6,-1,0,0,1,1
1535252458080949,-1,0,6,-3,-3,-3,-1,0
1535252458082842,-2,2,-1,0,-3,0,0,1
1535252458082842,-2,-1,-2,-2,-1,-1,-2,0
1535252458082842,0,2,17,3,0,0,-1,-2
1535252458082842,1,3,-4,0,-1,0,1,-1
1535252458093869,0,-1,0,-1,-2,-2,-1,-2
1535252458093869,1,6,-3,3,1,1,1,2
1535252458097924,-5,-13,-28,-11,-4,-2,-1,-4
1535252458097924,-1,3,49,6,0,1,-3,-2
1535252458108910,-2,-5,-29,-6,-1,-1,-1,-1
1535252458108910,-1,3,17,1,-1,-1,0,-1
1535252458113069,-1,2,7,1,1,1,0,1
1535252458113069,1,-1,-5,1,4,2,1,1
1535252458129637,-1,-3,-2,-2,-1,-1,1,0
1535252458129637,2,1,-9,-8,-3,0,0,0
1535252458143106,-4,-9,-14,-3,-4,-2,-1,-1
1535252458143106,-3,-4,17,5,-3,-3,-2,-1
1535252458153028,0,3,5,1,1,1,-1,2
1535252458153028,-1,-5,-14,-1,-1,-2,-1,-1
1535252458190126,0,-3,-4,-1,0,1,-2,0
1535252458190126,-1,-1,-8,-2,-3,-1,1,0
1535252458192131,0,3,-1,-2,-4,-2,0,-1
1535252458192131,-2,-1,9,-1,-1,0,-2,-2
1535252458192693,1,1,4,0,-1,-3,-2,-3
1535252458192693,1,3,5,0,1,1,-1,0
1535252458195166,-2,-3,-9,-1,-1,0,0,-1
1535252458195166,4,9,-35,2,4,2,4,3
1535252458202158,-5,-5,6,-5,-2,0,0,-4
1535252458202158,0,0,22,7,1,-1,-2,-3
1535252458211182,0,0,9,1,1,0,0,-1
1535252458211182,0,1,-15,-2,-2,-3,0,0
1535252458217877,-1,3,-8,0,0,0,0,2
1535252458217877,2,0,-10,-3,-1,0,0,1
1535252458234243,1,-2,-65,-13,0,0,0,0
1535252458234243,-7,-9,85,6,-4,-4,-6,-5
1535252458240259,0,0,-4,3,1,1,0,1
1535252458240259,-3,-3,4,-1,0,-1,-1,-1
1535252458263325,3,6,-4,3,1,0,-1,0
1535252458263325,0,-3,-15,-4,-2,-1,0,0
1535252458271342,0,4,41,4,-2,-2,-1,0
1535252458271342,-1,-1,-45,-10,-4,-3,-3,-2
1535252458280030,0,-1,18,4,3,1,-1,-1
1535252458280030,-2,-4,-13,-3,0,-1,-2,-2
1535252458280365,-4,-2,16,3,-1,0,2,0
1535252458280365,-1,3,10,2,-2,-1,-2,1
1535252458300419,-1,-3,-1,-3,-5,-1,-2,-1
1535252458300419,0,-1,6,-1,-3,0,-1,1
1535252458301421,0,-5,-31,-5,-2,-3,0,-1
1535252458301421,0,2,-8,2,4,1,2,0
1535252458323550,-2,-5,13,-4,-3,-2,-1,-1
1535252458323550,-1,1,11,2,1,-1,0,-1
1535252458323802,2,4,-5,-3,1,0,-1,0
1535252458323802,-1,-5,5,1,-2,-2,1,0
1535252458338521,-1,-2,-1,2,-4,-3,-1,0
1535252458338521,2,1,-29,-2,1,0,0,0
1535252458338521,0,-2,-8,-6,-1,-1,-1,1
1535252458338521,1,-1,7,-2,-2,0,1,0
1535252458360880,3,7,9,6,3,2,0,0
1535252458360880,-5,-8,15,-6,-3,-2,-3,-3
1535252458361642,-1,-3,-7,-2,0,0,1,-1
1535252458361642,1,-1,9,3,0,1,-1,0
1535252458382640,1,-2,-10,-1,-1,1,-1,0
1535252458382640,2,3,11,4,0,0,0,-1
1535252458383640,0,-1,-9,0,3,-1,-1,1
1535252458383640,-1,-4,-14,-7,0,1,0,-2
1535252458398497,-2,-6,-17,-2,0,0,-1,-1
1535252458398497,1,5,31,3,0,-1,-1,-1
1535252458398681,1,0,-11,1,-2,-4,-2,-2
1535252458398681,-1,0,19,-2,-3,-2,-2,-1
1535252458420762,-1,1,-3,1,1,1,2,0
1535252458420762,-1,-1,-21,0,2,3,1,0
1535252458421741,-1,0,19,0,-1,2,2,-3
1535252458421741,0,-2,-5,-1,-1,0,-1,0
1535252458442798,-1,-2,7,-4,-2,0,1,-1
1535252458442798,-1,-5,-20,-1,-1,-1,0,-1
1535252458443836,1,2,4,3,1,-3,0,1
1535252458443836,0,0,-7,1,1,0,-1,0
1535252458457837,-2,1,2,0,-3,0,-1,0
1535252458457837,-1,-3,18,1,0,-1,0,0
1535252458458840,1,0,-64,-4,-4,0,0,0
1535252458458840,-5,-5,71,-2,-5,-4,-2,-4
1535252458480899,-1,-2,7,2,2,-2,-2,-3
1535252458480899,3,1,-18,1,1,0,-1,0
1535252458481084,1,3,0,0,0,-1,-2,0
1535252458481084,1,0,-21,2,0,3,2,1
1535252458502958,0,-6,6,-3,0,-1,-1,0
1535252458502958,0,-2,4,4,3,1,-1,0
1535252458503961,-2,-3,19,0,-1,0,0,-1
1535252458503961,-1,2,-16,1,-2,-3,-2,-2
1535252458517215,-3,-3,6,0,-1,-1,-1,-2
1535252458517215,0,3,-16,-1,0,1,0,1
1535252458526020,-1,0,6,1,-1,-2,-3,-1
1535252458526020,0,1,-23,-2,-1,-2,1,1
1535252458541060,-3,-5,23,-4,-3,-3,-3,-2
1535252458541060,-1,1,19,-1,-3,-3,-2,-1
1535252458541060,2,-2,-3,0,-1,0,1,-1
1535252458541060,-1,-1,-5,-6,-1,-2,0,0
1535252458563118,2,5,-22,2,2,0,0,0
1535252458563118,0,2,-5,-3,3,2,0,0
1535252458564121,-1,1,-4,0,0,1,0,-1
1535252458564121,-1,-3,-7,0,-1,-2,-1,-1
1535252458579161,-1,0,5,-1,-3,-2,-1,-1
1535252458579161,0,0,-13,0,-1,-2,-3,1
1535252458585178,1,1,1,2,-1,2,1,0
1535252458585178,-2,-4,11,0,0,1,0,-3
1535252458600216,1,1,13,2,-2,-1,-2,1
1535252458600216,0,2,-8,-3,-2,2,2,1
1535252458601218,-4,-7,34,-4,-2,-2,-3,-2
1535252458601218,-1,-2,-35,-7,0,-1,-1,1
1535252458623277,-1,0,4,3,1,1,1,-1
1535252458623277,0,-1,-3,-1,-3,0,-1,-1
1535252458624281,0,-1,1,2,2,-1,1,1
1535252458624281,0,-2,1,1,2,2,2,1
1535252458637314,0,-1,-12,-2,1,-1,-2,0
1535252458637314,0,0,19,0,-1,-2,-1,0
1535252458645338,-5,-2,11,1,-2,-3,0,-2
1535252458645338,0,2,17,2,-1,-1,-1,-2
1535252458660376,-4,0,-5,0,0,0,2,1
1535252458660376,-2,-3,-7,-2,-1,0,-1,-3
1535252458661544,1,0,-3,1,2,4,0,1
1535252458661544,1,3,-9,2,0,0,0,2
1535252458683467,-1,1,19,0,-2,0,-1,-3
1535252458683467,0,-1,-8,-4,-2,-3,-1,0
1535252458683467,0,0,10,0,1,-2,-1,-1
1535252458683467,0,1,-20,1,0,-1,-1,-1
1535252458697475,2,-1,5,-3,-2,-1,0,0
1535252458697475,-2,-4,-7,-2,0,0,0,-2
1535252458705498,-3,-5,7,-5,-4,-1,-1,-2
1535252458705498,0,3,5,2,3,1,0,2
1535252458720675,2,1,-9,-1,0,0,-2,1
1535252458720675,-2,0,3,2,0,-1,-1,0
1535252458721670,1,3,-7,0,-1,0,0,-1
1535252458721670,0,0,-2,1,-1,-2,-1,0
1535252458743598,-1,-1,-1,-1,0,0,1,-1
1535252458743598,-1,0,7,-1,-1,0,-1,0
1535252458743743,1,0,-11,1,1,-1,-1,1
1535252458743743,0,-1,11,0,0,0,-1,0
1535252458757834,-1,-2,-9,-3,-3,-2,-2,-1
1535252458757834,-1,-4,-12,-1,0,0,-1,0
1535252458765659,-1,1,7,0,-1,1,1,-1
1535252458765659,0,1,-5,0,0,2,0,-1
1535252458788719,-2,-1,0,0,1,-1,-1,0
1535252458788719,0,-2,0,-2,-2,-3,0,-1
1535252458789722,0,0,-15,-1,-1,-2,0,-1
1535252458789722,-2,-3,13,3,2,3,2,0
1535252458802757,1,0,-6,-2,0,-1,1,0
1535252458802757,-1,-1,11,-1,-3,-2,-2,1
1535252458803871,0,-1,-9,-5,-3,-1,0,0
1535252458803871,0,-1,-10,1,1,-2,0,-1
1535252458817799,-3,-2,17,2,1,2,2,0
1535252458817799,1,0,-13,0,-2,1,1,1
1535252458825844,0,1,-5,-1,2,-1,-3,-2
1535252458825844,-1,-3,3,1,-1,2,0,0
1535252458840856,0,1,-7,0,3,3,0,0
1535252458840856,0,-2,-6,-1,-3,0,-1,-1
1535252458841859,-2,0,1,0,-1,0,0,1
1535252458841859,-2,-2,2,-6,-7,-5,-1,-3
1535252458862944,-2,-2,-4,-2,-3,-3,-3,-2
1535252458862944,-1,2,1,1,2,0,2,-1
1535252458864044,0,-2,-3,1,2,1,-1,0
1535252458864044,0,-2,3,-2,2,0,-1,-2
1535252458877955,-1,0,-7,-1,-2,-2,-1,0
1535252458877955,-1,1,4,0,-1,-2,0,1
1535252458886073,-2,-6,-36,-8,-5,-2,-2,-3
1535252458886073,-1,-2,3,-4,-1,-2,-3,1
1535252458901016,-1,-2,17,0,0,0,-3,-2
1535252458901016,0,3,0,4,6,2,1,1
1535252458901016,0,0,6,0,-1,-3,-1,0
1535252458901016,0,3,-9,2,0,1,-1,1
1535252458923076,0,-1,-11,-2,0,-1,0,0
1535252458923076,-7,-9,13,-5,-6,-6,-7,-5
1535252458924079,0,0,7,-2,0,0,0,0
1535252458924079,-1,-2,-5,-3,-1,-1,0,-1
1535252458946137,2,4,-3,5,3,3,3,1
1535252458946137,1,-1,-17,-2,4,4,0,0
1535252458947385,-1,-2,-3,0,-2,0,0,-1
1535252458947385,0,1,11,-3,-2,-3,-2,-2
1535252458960174,0,0,-6,-2,-2,-3,-1,-1
1535252458960174,-2,-2,1,0,-3,0,1,0
1535252458961177,0,0,10,1,-2,-1,-3,-1
1535252458961177,-1,-1,-18,0,1,0,1,-1
1535252458983263,0,-1,-4,-1,-1,1,0,-2
1535252458983263,0,0,4,-1,-1,0,1,-2
1535252458984239,0,1,6,2,1,-1,-2,-1
1535252458984239,-2,-2,18,3,0,1,0,-2
1535252459006298,-2,-1,-12,-5,-3,-2,-3,-2
1535252459006298,1,-2,29,3,-3,-3,-3,0
1535252459007301,0,2,-12,-3,1,0,-1,0
1535252459007301,0,-1,15,2,3,3,1,-1
1535252459020345,-1,-2,3,0,1,-2,-1,1
1535252459020345,1,4,2,0,0,2,0,-1
1535252459021338,-3,-5,-14,-4,-2,0,0,0
1535252459021338,-2,0,-41,-5,-2,-3,-2,0
1535252459043497,-1,-3,62,1,-3,-2,1,-1
1535252459043497,1,3,-16,1,1,0,0,0
1535252459043497,-3,-2,11,-2,-1,0,-1,0
1535252459043497,0,-2,-3,-1,-2,1,-1,-1
1535252459066457,1,1,-10,1,1,1,0,0
1535252459066457,0,5,-17,-1,0,-2,0,0
1535252459067460,0,-1,11,-1,-2,-1,1,-1
1535252459067460,-1,-3,-18,-3,-2,-2,0,0
1535252459080495,-1,0,1,2,0,-1,1,-1
1535252459080495,-2,-3,-11,-5,-2,-3,-1,-1
1535252459081498,0,2,1,5,4,0,1,-1
1535252459081498,-2,-1,19,7,4,3,2,1
1535252459103556,-2,-3,-14,-2,-2,0,-2,-1
1535252459103556,-1,0,-7,-3,-3,0,1,1
1535252459104156,-1,0,-7,2,-3,-1,-3,0
1535252459104156,-2,-4,28,-2,-4,-4,-2,-2
1535252459126619,0,-2,-9,-1,-4,-1,-1,0
1535252459126619,-6,-8,-12,-8,-2,-3,-3,-3
1535252459126619,1,0,8,0,2,2,1,-2
1535252459126619,3,-1,-6,0,1,0,1,0
1535252459140655,0,0,-8,0,2,1,-1,1
1535252459140655,1,-2,-16,-1,0,0,-1,0
1535252459141659,-2,0,30,1,-3,-2,-1,-1
1535252459141659,-1,2,-5,0,-3,-1,-3,-2
1535252459162754,0,-3,-4,1,-3,0,-1,-2
1535252459162754,2,-3,-8,-2,1,0,-1,1
1535252459171738,-1,-1,-7,-2,-2,-3,-1,-1
1535252459171738,0,3,6,1,-2,-1,-2,-1
1535252459193803,-1,1,-4,1,2,1,1,-1
1535252459193803,-1,1,0,1,2,0,1,0
1535252459195801,1,-2,-10,0,-1,1,1,0
1535252459195801,-3,-6,17,-3,-4,-3,-1,-3
1535252459208836,0,2,-11,-1,1,-1,0,-4
1535252459208836,-2,-4,-7,-1,0,2,1,-1
1535252459210865,0,-1,-3,-1,0,0,-1,0
1535252459210865,1,3,-8,2,-2,0,-1,0
1535252459222873,-1,0,19,1,-1,0,-1,-1
1535252459222873,1,1,0,1,-1,-1,-2,-1
1535252459230894,-2,-4,10,1,-2,-1,1,0
1535252459230894,1,1,-9,-2,2,1,1,2
1535252459245935,-1,1,-1,-2,0,1,-1,0
1535252459245935,1,-1,-7,1,-1,-1,0,-1
1535252459247940,-1,-1,-20,-6,-3,-1,-2,-1
1535252459247940,-1,0,3,0,-1,0,-1,0
1535252459268996,1,0,-4,-4,-3,-3,0,0
1535252459268996,-1,1,7,2,0,-2,-1,-1
1535252459270006,-1,1,11,2,1,0,0,0
1535252459270006,-2,-2,-1,-3,-2,-1,0,-1
1535252459282032,-1,2,2,1,-1,0,0,1
1535252459282032,0,0,-4,-2,0,0,1,0
1535252459291175,0,-3,-13,0,1,-1,0,0
1535252459291175,0,0,-5,-3,-4,-4,-2,-2
1535252459306095,-1,-1,-3,1,1,1,-2,0
1535252459306095,-1,2,2,-2,-2,0,1,0
1535252459308305,1,-1,5,0,0,0,1,1
1535252459308305,-2,-3,-5,-3,0,-2,-1,0
1535252459329156,-1,-2,-5,-4,-5,-4,-2,-2
1535252459329156,0,-3,3,-3,-3,-1,-2,0
1535252459330158,0,1,-2,2,1,1,1,0
1535252459330158,0,-1,-3,0,-1,1,0,0
1535252459343193,-1,-2,6,0,1,0,-2,-1
1535252459343193,0,2,3,4,3,0,2,0
1535252459351215,-2,-3,-16,-8,-4,-4,-3,-2
1535252459351215,-1,-3,-10,-6,-3,-1,0,-1
1535252459366256,-1,-2,3,2,2,0,0,0
1535252459366256,0,-3,18,2,3,2,-1,0
1535252459368261,1,-1,-2,2,2,2,0,0
1535252459368261,-1,0,-6,1,2,-1,0,-1
1535252459389317,-1,-3,11,-1,-4,-4,0,-1
1535252459389317,0,-2,1,0,-2,-3,-2,-1
1535252459390319,-1,1,-4,-1,-2,-2,0,1
1535252459390319,-1,-1,-1,0,1,1,0,-1
1535252459402383,-2,-1,-6,-4,-1,1,-1,1
1535252459402383,-2,1,5,1,-2,-3,-1,-3
1535252459411633,0,0,-8,-4,-2,-1,-2,1
1535252459411633,0,-2,6,-1,-2,1,1,-2
1535252459426414,-1,-3,-4,1,2,-1,1,1
1535252459426414,-1,0,1,3,2,4,2,0
1535252459427417,0,-3,5,2,1,2,-1,-1
1535252459427417,1,0,3,-1,-2,-3,-1,-1
1535252459448501,0,-1,-3,1,1,2,-2,-1
1535252459448501,-1,0,2,-1,-1,-2,-1,-1
1535252459450481,-2,1,3,-1,-2,-3,-1,-1
1535252459450481,1,1,5,1,0,-1,-2,1
1535252459471537,-1,0,-10,-2,-3,-3,0,0
1535252459471537,-1,-1,1,0,1,-3,1,-1
1535252459473560,-1,0,2,3,3,2,0,-1
1535252459473560,-1,-1,2,2,0,2,1,-1
1535252459485601,-1,0,-4,-5,0,-3,-1,1
1535252459485601,-1,-1,-3,-5,-6,-2,2,1
1535252459492591,-1,1,-1,-2,0,-1,-2,-1
1535252459492591,0,0,1,3,0,4,0,-1
1535252459508634,-1,-1,0,4,8,0,0,-1
1535252459508634,2,0,2,0,-6,3,0,0
1535252459510640,0,0,1,-4,-2,-5,-1,0
1535252459510640,-2,-1,-4,-4,-3,-4,-3,-2
1535252459531697,0,3,-1,0,0,1,-1,-1
1535252459531697,-1,2,-1,-1,-1,0,-1,-1
1535252459532698,-1,2,2,1,2,2,0,0
1535252459532698,-1,2,-1,-3,-3,1,0,-1
1535252459545735,-1,3,-3,-4,-5,-6,0,0
1535252459545735,-1,-3,0,-1,-2,-2,-3,-1
1535252459552751,0,-2,3,7,8,2,0,-2
1535252459552751,0,-5,2,-1,-3,-3,-2,0
1535252459568795,-1,-4,-1,0,3,2,1,-2
1535252459568795,0,-2,-1,1,-1,0,-1,0
1535252459570844,0,-1,-2,-3,-8,-5,1,-1
1535252459570844,1,1,0,2,3,-4,-3,1
1535252459590853,-1,-2,-3,-2,-4,1,0,0
1535252459590853,-1,1,0,-3,0,-1,-1,0
1535252459592890,0,-3,-2,-1,2,3,1,0
1535252459592890,0,-4,2,2,2,0,1,1
1535252459604889,0,0,0,0,-4,-2,0,0
1535252459604889,0,-3,-1,-2,1,0,-2,-2
1535252459620931,-2,-2,0,-1,-2,-4,-3,-1
1535252459620931,1,2,1,1,3,5,1,0
1535252459628955,-1,-1,0,0,-1,1,-1,0
1535252459628955,0,0,-1,-3,-3,-2,-2,1
1535252459630071,-2,-4,-4,-5,-7,-4,-5,-2
1535252459630071,-1,1,1,4,4,0,-1,0
1535252459651015,-2,-4,0,1,2,3,1,0
1535252459651015,-1,-3,0,0,-1,-1,0,-2
1535252459653020,-1,3,1,1,-1,-1,0,-2
1535252459653020,-2,-2,-3,-5,-1,-2,-1,1
1535252459665055,-2,-2,-1,-1,-5,-4,-1,-2
1535252459665055,-2,1,-2,3,1,0,-3,-1
1535252459674074,-2,-3,1,1,-2,0,0,-1
1535252459674074,-1,1,0,0,0,-1,0,-1
1535252459689136,0,0,-4,-3,1,2,-1,0
1535252459689136,0,0,0,0,2,2,-1,1
1535252459690117,-1,-1,-4,-4,-4,0,-1,0
1535252459690117,0,-1,3,2,0,-1,0,-1
1535252459719195,0,-3,0,-1,-1,-2,-2,0
1535252459719195,0,-4,-8,-4,0,0,-1,-1
1535252459720196,1,1,-1,-2,-3,-1,0,0
1535252459720196,-1,0,1,0,0,1,4,0
1535252459725210,0,3,1,2,-3,0,1,0
1535252459725210,-1,1,-1,-1,4,-1,0,1
1535252459734234,-1,2,-1,-4,-7,-3,-2,-2
1535252459734234,0,0,-2,2,5,0,0,0
1535252459749274,-1,2,1,2,1,1,-1,0
1535252459749274,0,-2,2,2,2,-1,0,2
1535252459750276,-1,-2,-1,-1,-1,3,-3,-1
1535252459750276,-1,-3,0,-4,-8,-6,-4,-2
1535252459771333,1,-1,-1,-1,-1,-4,-2,0
1535252459771333,1,-5,2,1,-4,0,1,0
1535252459773339,0,-1,0,1,2,-1,-2,-1
1535252459773339,0,-2,-2,1,1,4,2,-1
1535252459785371,0,0,0,2,3,-1,-1,-1
1535252459785371,-1,-1,-1,-4,-4,-3,-1,-1
1535252459793750,-2,-4,-1,-3,-5,-5,0,1
1535252459793750,-2,3,1,4,4,-1,-2,-2
1535252459808478,0,3,2,0,4,6,1,-1
1535252459808478,0,-2,-1,-5,-6,-3,-1,-1
1535252459810438,2,3,4,7,7,2,2,2
1535252459810438,-1,2,-1,0,4,1,-1,-1
1535252459831611,-1,-5,1,0,-1,-3,-1,-2
1535252459831611,-1,-2,-5,-4,-7,-2,-1,0
1535252459833238,-1,-5,-4,-4,-6,-3,0,-3
1535252459833238,1,4,1,3,1,0,1,0
1535252459844528,-2,-4,-6,-8,-6,-4,-3,-2
1535252459844528,-4,-3,-4,-1,-2,-4,-1,-1
1535252459853825,-1,4,-1,-2,-1,-2,-1,-2
1535252459853825,-1,1,3,2,-1,0,-1,1
1535252459868591,0,3,1,2,4,6,2,-1
1535252459868591,0,-1,-2,1,5,6,3,0
1535252459870596,-1,-3,-1,1,0,-4,-2,0
1535252459870596,0,-8,1,-1,-10,3,-2,-1
1535252459890650,0,-5,-6,-21,-4,-5,-3,0
1535252459890650,0,2,3,15,7,-2,-1,-2
1535252459897717,-2,-15,1,7,3,5,2,1
1535252459897717,0,-6,-1,1,2,1,1,-1
1535252459904688,-1,-5,-3,1,-4,-3,-1,-2
1535252459904688,0,-5,4,-3,1,3,0,0
1535252459913711,-1,2,-3,-9,-7,1,-2,-2
1535252459913711,0,0,6,18,-7,-1,0,0
1535252459928799,-1,-9,-13,-35,2,0,-1,-2
1535252459928799,-1,-1,-3,-19,-4,-2,-3,-2
1535252459930852,-2,1,1,4,1,-2,0,0
1535252459930852,0,-10,-6,5,-2,-1,-1,-1
1535252459950810,2,-9,3,18,0,-2,1,1
1535252459950810,-1,-10,1,3,0,0,1,-1
1535252459952815,-2,-8,4,-5,1,4,2,1
1535252459952815,-1,-1,-7,-18,-1,-2,0,-2
1535252459964847,-1,9,2,14,-2,0,0,0
1535252459964847,-1,9,-1,-5,-5,-5,-3,-2
1535252459973872,2,17,4,6,1,1,1,-1
1535252459973872,-1,9,-1,-1,4,0,1,-1
1535252459989241,-1,13,0,26,-3,-2,-3,0
1535252459989241,1,8,-6,-35,-3,-6,-4,-2
1535252459989915,0,9,0,12,6,2,1,0
1535252459989915,1,3,4,-4,0,-2,-1,0
1535252460011721,-2,-7,0,-12,-6,2,2,2
1535252460011721,0,1,-2,17,-1,-1,-4,-2
1535252460012991,-1,2,-2,3,0,-4,-4,-2
1535252460012991,-1,0,-6,-10,1,-1,0,1
1535252460025007,-3,59,1,9,2,2,-1,-3
1535252460025007,0,54,2,-5,-4,-3,1,4
1535252460034032,0,25,1,1,14,6,4,1
1535252460034032,3,-6,-5,-6,-9,-5,-3,0
1535252460049072,4,-32,-3,-11,-4,-7,-4,-1
1535252460049072,1,-15,7,11,15,13,8,0
1535252460050074,-3,-20,-11,-11,-10,-2,-1,1
1535252460050074,0,-3,-4,-3,-1,-3,0,1
1535252460072134,1,-8,3,9,-5,-3,-1,0
1535252460072134,-2,-12,-9,-18,-11,-8,-4,-1
1535252460073138,2,-7,-3,-8,-4,-2,-1,1
1535252460073138,0,-2,6,10,15,9,3,1
1535252460085167,-1,-7,-6,-4,-1,-2,-1,0
1535252460085167,0,-12,0,6,-2,0,0,2
1535252460094301,2,-5,-2,-10,-17,-8,-7,-1
1535252460094301,-2,3,-1,-28,3,5,5,0
1535252460108230,2,4,9,32,14,2,2,-1
1535252460108230,0,-5,-2,-11,-1,-5,-4,-1
1535252460115252,-2,-8,0,3,1,3,3,1
1535252460115252,0,0,3,4,3,3,1,1
1535252460131590,-1,-6,5,-13,-4,6,2,1
1535252460131590,-1,-4,-1,13,-1,-10,-5,1
1535252460133295,1,3,4,3,6,5,3,1
1535252460133295,-4,-2,-6,-1,-2,-5,-4,-2
1535252460145329,3,2,-1,-11,-3,-4,-1,1
1535252460145329,-3,-15,3,18,7,6,5,1
1535252460154351,1,4,2,-10,0,0,-1,-1
1535252460154351,0,1,6,14,-3,0,-1,0
1535252460168474,-3,-4,-7,-19,-13,-8,-4,-1
1535252460168474,-1,5,-6,11,-5,-2,-1,-1
1535252460175418,1,3,8,15,18,5,6,0
1535252460175418,-1,-5,1,-3,-8,-3,-3,-4
1535252460191451,-1,-7,-2,9,5,1,0,1
1535252460191451,0,-7,-1,-1,-5,-1,-2,-1
1535252460193455,-1,-5,-8,-18,-6,-4,-1,-1
1535252460193455,0,1,-4,7,1,-3,2,1
1535252460212589,-2,-2,0,-14,-1,3,0,-1
1535252460212589,0,-3,5,20,9,7,3,0
1535252460221533,1,6,-7,1,-9,-6,-6,-2
1535252460221533,-2,-10,-2,-5,-2,-1,-1,1
1535252460228668,-2,-2,-8,-16,-7,-6,-3,-2
1535252460228668,-1,3,8,9,7,9,5,2
1535252460235656,-1,-3,-1,1,-6,-4,-2,-2
1535252460235656,0,-3,-13,-30,-12,-7,-8,-3
1535252460251723,3,-1,7,26,22,6,5,1
1535252460251723,0,-6,0,-4,-9,-4,-3,0
1535252460252626,-1,0,-2,8,11,5,2,1
1535252460252626,-1,13,8,11,-1,1,2,0
1535252460264645,0,-2,2,-16,-11,-8,-5,1
1535252460264645,1,5,1,-22,-2,1,-1,-1
1535252460281692,-1,-10,3,31,11,3,2,2
1535252460281692,1,-5,1,-1,-9,-7,-3,-2
1535252460287707,-1,-6,1,4,-4,-2,-2,-3
1535252460287707,0,0,2,4,10,7,4,1
1535252460302746,-2,-4,1,-17,-11,-7,-7,-3
1535252460302746,0,-7,2,11,1,0,-4,-1
1535252460311798,-1,-3,4,17,13,8,10,1
1535252460311798,-2,-3,-7,-4,10,2,2,-1
1535252460312774,1,3,2,10,-2,-1,-1,-1
1535252460312774,2,5,-3,-5,-4,-4,-3,1
1535252460324806,-1,7,-5,-23,-14,-3,-7,-3
1535252460324806,2,13,8,39,18,1,5,2
1535252460333831,-1,26,-1,-3,-5,4,0,-2
1535252460333831,-1,6,2,3,5,3,4,1
1535252460347920,0,2,-6,-1,-7,-5,-5,-1
1535252460347920,1,-14,-4,-19,-13,-8,-6,-2
1535252460354941,-2,-22,0,5,8,4,3,1
1535252460354941,1,10,-2,8,3,0,-2,-1
1535252460371990,-4,-16,-5,-16,-7,1,-1,-1
1535252460371990,-1,-22,-5,-6,-10,-3,-4,-1
1535252460377975,-5,-27,2,-5,2,-2,0,0
1535252460377975,-2,-28,-1,-7,-2,0,-4,-2
1535252460394042,-1,-110,4,19,1,-1,2,2
1535252460394042,-1,101,3,-9,-8,-2,-4,-2
1535252460395042,1,67,-4,-11,-5,-2,-2,-3
1535252460395042,-4,34,-3,1,-5,-1,-1,1
1535252460408027,0,15,3,20,13,2,5,2
1535252460408027,-2,-46,-2,-3,-4,-4,-3,-1
1535252460422104,1,-19,0,7,2,3,1,1
1535252460422104,-1,-6,-2,-9,0,-5,-2,-4
1535252460431088,-1,4,-2,-6,-2,1,0,-1
1535252460431088,-1,-8,-1,-5,-6,0,-1,-1
1535252460433095,0,10,4,-3,4,1,-1,0
1535252460433095,-2,-25,1,-2,1,-1,0,1
1535252460454180,-2,23,0,-2,3,-1,1,-3
1535252460454180,-4,-1,-2,-1,1,4,2,0
1535252460456158,-2,-42,-8,-12,-12,-6,-6,-2
1535252460456158,1,-17,6,7,0,2,2,1
1535252460467215,-2,25,-7,-2,2,1,1,2
1535252460467215,1,5,-2,-13,-10,-4,-3,-1
1535252460477212,0,-20,-1,-8,-2,-5,-2,0
1535252460477212,0,-3,-3,12,6,6,0,0
1535252460491250,1,28,-4,-3,0,-2,-3,-2
1535252460491250,-4,-42,5,-3,-1,-1,0,-1
1535252460497265,0,-30,-4,-3,-5,0,0,1
1535252460497265,0,15,-4,-4,1,1,1,-1
1535252460513310,0,-13,-2,-4,-4,-1,-2,0
1535252460513310,-1,-12,-5,-8,1,1,-1,-1
1535252460515313,-4,-6,-5,-2,-3,0,1,-2
1535252460515313,-1,-3,-3,-4,-5,-4,-2,0
1535252460527902,-3,-3,1,5,2,1,0,-1
1535252460527902,3,5,2,-6,-5,-2,0,0
1535252460536370,1,-10,6,3,2,2,2,2
1535252460536370,-2,-20,-7,-9,-3,-5,-3,-1
1535252460551446,-1,26,7,8,-3,0,-2,-1
1535252460551446,-2,3,0,6,5,1,1,-1
1535252460553284,-2,9,2,3,3,-1,-4,-2
1535252460553284,-1,4,2,-3,4,2,1,0
1535252460573518,-1,14,-2,2,-6,-4,-2,-2
1535252460573518,0,-4,1,10,2,-1,-1,-1
1535252460575564,0,55,0,-1,2,-1,-1,-1
1535252460575564,-1,29,1,6,1,-2,0,-2
1535252460587547,-2,15,0,-7,-3,-3,-2,0
1535252460587547,1,23,-6,-2,-1,1,-2,-2
1535252460596538,-1,-112,-1,-4,6,7,3,0
1535252460596538,0,-27,-1,11,0,-1,-1,-1
1535252460611570,0,40,4,-1,1,3,1,0
1535252460611570,-2,31,-1,5,-2,-1,0,0
1535252460612874,1,53,4,-7,-4,-1,-3,-1
1535252460612874,0,-10,-9,-15,-8,-4,-4,0
1535252460633669,-1,-76,-2,-1,0,-3,-2,-1
1535252460633669,0,-44,1,1,2,5,1,0
1535252460635638,2,15,-1,2,-2,-3,0,0
1535252460635638,-3,-36,-2,-5,1,1,1,1
1535252460647674,0,9,1,6,-1,-1,-2,-1
1535252460647674,-1,6,-7,-7,-3,-5,-1,-2
1535252460656701,-2,6,-5,1,-4,-1,-1,-1
1535252460656701,0,8,3,5,2,4,1,-1
1535252460671780,0,-27,-2,-8,-1,1,0,0
1535252460671780,1,-5,4,-2,0,1,-1,1
1535252460672732,-2,16,-4,0,-5,-3,0,0
1535252460672732,0,38,0,1,-1,-1,-1,1
1535252460693788,2,-13,-7,-9,-1,5,4,0
1535252460693788,-1,2,2,1,1,-2,-2,0
1535252460695794,0,14,5,1,2,-4,-1,0
1535252460695794,-1,-1,0,-3,-1,3,2,0
1535252460707826,-1,-16,-4,1,0,-1,-1,-1
1535252460707826,-1,0,-5,5,-3,-6,-3,1
1535252460722865,-2,-5,0,-1,-1,4,-2,-1
1535252460722865,3,4,2,2,-2,-2,0,0
1535252460731890,-1,14,3,-3,3,2,0,-1
1535252460731890,1,5,-1,8,3,-1,-2,-1
1535252460732894,0,-4,1,3,1,-2,0,-1
1535252460732894,-1,-1,3,-8,-3,-1,1,0
1535252460753947,-2,16,3,6,1,-1,-4,-2
1535252460753947,0,-5,0,-4,-2,0,1,-1
1535252460754951,-1,-10,-3,-2,-1,-2,-1,0
1535252460754951,0,8,0,0,-2,-1,4,-1
1535252460776007,3,12,-2,-5,-1,1,0,0
1535252460776007,-1,-7,0,0,2,2,0,-2
1535252460778011,1,2,7,4,-1,3,1,-2
1535252460778011,0,7,-7,-2,-1,-6,-2,-2
1535252460799067,1,4,1,-2,1,0,-2,1
1535252460799067,-1,-6,-3,-1,-2,0,2,-1
1535252460800070,0,2,-3,-1,-2,-1,-2,-1
1535252460800070,0,-1,1,3,1,-1,-2,0
1535252460814107,1,-3,-2,-12,-3,-4,0,0
1535252460814107,-1,-7,4,4,-2,0,-1,-2
1535252460815112,0,-6,-2,2,1,0,0,0
1535252460815112,-1,-19,2,-6,-3,-4,-2,-1
1535252460827144,1,2,3,13,1,2,2,1
1535252460827144,0,5,4,0,3,2,1,0
1535252460842182,0,14,-1,4,1,2,1,1
1535252460842182,-2,17,-1,-2,2,2,-5,-1
1535252460851373,-1,7,-1,2,-4,-3,3,-2
1535252460851373,-1,-10,-3,-4,-1,1,0,2
1535252460853213,0,-9,0,-3,-1,-3,-1,-1
1535252460853213,0,-20,-7,-5,-4,-3,-1,0
1535252460874267,-2,-6,-1,-2,-2,-2,0,-1
1535252460874267,-1,-6,-2,-3,-3,-3,2,-1
1535252460875338,-1,2,-2,-9,-2,-2,-3,-2
1535252460875338,-1,7,2,4,2,-1,-1,-3
1535252460887303,1,3,-6,4,3,4,-1,-1
1535252460887303,1,-2,-1,0,-1,1,-1,0
1535252460896336,0,-4,1,0,-3,-1,0,0
1535252460896336,-2,-11,-2,1,-2,-4,-3,-3
1535252460911369,-1,3,2,-1,-3,-1,0,-1
1535252460911369,-1,1,-4,-5,-4,-1,-2,-1
1535252460913373,0,-9,-1,-6,-2,-1,0,-1
1535252460913373,-1,4,0,12,2,3,1,-1
1535252460933424,0,4,-1,-3,0,-1,0,0
1535252460933424,-1,4,-2,1,1,-4,0,0
1535252460935432,0,22,0,-1,0,7,3,-1
1535252460935432,0,2,1,0,-2,2,2,0
1535252460947464,-2,-3,1,-3,-4,-2,-5,0
1535252460947464,0,6,-3,-2,0,-2,-1,-1
1535252460956537,1,0,1,1,3,1,3,-1
1535252460956537,1,8,3,-1,0,4,2,0
1535252460970523,0,1,-2,1,-1,0,1,-1
1535252460970523,-1,-12,0,-3,-4,-10,-10,-1
1535252460977543,-1,-11,-2,-1,-2,4,2,0
1535252460977543,-1,4,1,0,2,2,2,0
1535252460993585,1,11,-1,-1,-1,0,-2,-2
1535252460993585,-3,3,-6,-5,-2,1,0,0
1535252460995637,-2,-3,-8,-5,-2,-6,-4,-3
1535252460995637,1,1,-3,-2,-1,-3,-1,0
1535252461007686,0,0,1,0,-4,-2,-2,-2
1535252461007686,1,2,-2,-3,1,2,1,-1
1535252461016648,-3,-10,1,2,0,-3,0,0
1535252461016648,-2,-3,2,0,1,-5,-2,-1
1535252461038754,-4,-8,-4,-3,0,2,0,-1
1535252461038754,1,4,1,5,1,4,3,-2
1535252461040710,0,-12,-1,0,-3,-4,-6,-1
1535252461040710,0,-3,-1,-2,-3,0,4,-2
1535252461053797,1,9,5,5,3,0,-1,0
1535252461053797,-2,-12,-2,-4,-2,0,3,2
1535252461055801,3,13,3,4,4,-4,-7,0
1535252461055801,-1,3,-2,-8,-4,4,6,1
1535252461067786,0,-7,-3,1,0,0,0,0
1535252461067786,1,5,3,2,2,3,2,-3
1535252461076810,-1,1,-3,-2,-2,-3,-2,1
1535252461076810,-2,-19,-1,-1,0,-1,-3,0
1535252461091853,-1,-4,-2,-4,-4,-3,0,0
1535252461091853,1,6,-1,1,-2,-2,-1,0
1535252461092850,-1,-3,1,-2,0,-4,-1,-1
1535252461092850,0,-3,-5,0,0,5,2,0
1535252461113940,1,-1,5,3,5,3,1,-2
1535252461113940,0,-3,1,2,1,0,-2,-2
1535252461115911,0,-9,0,0,-3,1,0,-1
1535252461115911,-1,-3,-4,-4,-3,-3,-3,1
1535252461127943,-1,1,-1,-2,-4,-7,-2,1
1535252461127943,1,5,1,-1,-2,3,-1,0
1535252461135964,-2,0,-2,0,2,1,0,-1
1535252461135964,1,9,7,1,7,2,-2,-2
1535252461151005,-2,-19,-7,1,-3,-3,-2,-2
1535252461151005,1,-1,1,-2,-2,-5,-3,0
1535252461157101,-2,4,-2,-2,-3,2,3,-1
1535252461157101,0,-4,-4,0,-3,-1,-3,-1
1535252461174184,-2,-5,-3,-5,0,1,1,1
1535252461174184,-2,-1,4,3,1,0,-1,0
1535252461175069,0,10,-1,3,3,2,-1,-1
1535252461175069,0,7,-4,-2,-5,-2,1,0
1535252461187137,-1,1,6,4,1,-1,-1,0
1535252461187137,0,-18,-1,-1,1,0,3,0
1535252461196157,-2,-21,3,1,1,1,0,0
1535252461196157,0,-3,1,1,5,2,-2,-1
1535252461210163,0,12,-1,-2,-2,-3,1,0
1535252461210163,0,6,-2,1,-2,3,1,0
1535252461219186,1,-7,-5,-3,-4,-2,0,1
1535252461219186,-2,6,0,0,-2,-2,-2,-2
1535252461234262,0,9,-3,-2,0,0,-2,-1
1535252461234262,-3,25,0,-3,-1,-2,-5,-1
1535252461235253,1,5,0,0,-1,1,6,0
1535252461235253,-1,4,-1,0,0,-4,-1,-2
1535252461247297,-1,68,1,-2,-1,3,0,0
1535252461247297,0,-11,-9,-6,-3,-2,-3,-2
1535252461256289,-2,-3,-3,-1,1,0,-2,-1
1535252461256289,0,-15,-2,2,1,-1,0,2
1535252461270437,-2,-28,-3,-1,0,1,1,0
1535252461270437,0,-5,0,1,1,-2,0,-1
1535252461277344,1,-7,2,0,-2,-1,0,0
1535252461277344,-2,-22,-3,-2,-3,-4,-3,-2
1535252461294390,-1,-11,-4,-2,0,-1,-4,0
1535252461294390,-2,-5,2,0,0,-2,1,0
1535252461295389,-1,-10,0,0,-1,-1,-2,-1
1535252461295389,0,17,3,2,1,0,-1,-1
1535252461316481,-1,-24,-4,-4,-2,-3,-2,0
1535252461316481,-4,6,-6,-2,-1,-1,0,-1
1535252461317450,-2,-6,-6,-6,-3,-1,1,0
1535252461317450,1,16,1,2,0,0,-2,-1
1535252461330609,-2,-2,-3,-2,-4,-3,-1,-2
1535252461330609,0,-11,3,1,1,1,1,1
1535252461345527,0,-8,-3,-2,-2,-1,-1,-1
1535252461345527,1,13,1,1,-2,-2,-1,-2
1535252461353545,-1,-28,1,-2,1,1,1,1
1535252461353545,0,8,5,1,-1,-3,0,0
1535252461355548,-1,5,3,0,-1,0,-2,-1
1535252461355548,-1,-1,8,3,1,2,-1,2
1535252461376607,-1,-10,-2,-1,-2,-2,0,1
1535252461376607,-1,-8,-1,-2,-2,1,2,0
1535252461377607,0,22,2,2,3,-2,-3,-2
1535252461377607,0,-24,-2,-2,-1,-1,1,1
1535252461390677,0,-11,-10,-8,-3,-2,-3,-1
1535252461390677,1,9,2,-1,1,-1,-1,0
1535252461397812,-1,0,-1,-1,0,-1,-2,-1
1535252461397812,-2,5,-2,-1,-2,-1,-1,0
1535252461413975,2,36,11,11,2,0,-1,0
1535252461413975,-3,-13,-2,-2,-1,-3,-1,-2
1535252461415713,0,-9,-1,-2,-2,-1,1,0
1535252461415713,0,11,-1,1,2,2,0,0
1535252461436801,1,-12,-1,-2,0,2,-1,-1
1535252461436801,3,-8,2,2,-2,-1,0,-1
1535252461437772,-1,4,0,1,-1,-1,-3,0
1535252461437772,0,-2,-3,-2,-4,-1,-1,1
1535252461450808,-1,25,2,0,-2,1,1,-1
1535252461450808,-2,-1,-1,2,2,0,-2,0
1535252461457867,0,-3,-1,-5,-3,-1,-1,-1
1535252461457867,-1,-22,-4,-2,-1,1,-1,1
1535252461473905,-1,6,-1,-1,-1,-2,0,-3
1535252461473905,1,-3,-2,-2,-2,1,1,1
1535252461475870,-1,1,1,2,2,0,-1,-3
1535252461475870,-1,-3,-6,-4,-3,-4,-2,-1
1535252461495962,-3,4,-3,-1,1,2,-1,-3
1535252461495962,1,5,2,3,0,0,-2,-2
1535252461498039,1,-22,2,3,4,3,3,2
1535252461498039,-2,-8,-1,-3,-2,-3,-1,-2
1535252461510330,-1,-16,0,1,0,2,0,0
1535252461510330,-2,-4,-4,-2,-1,-3,-1,0
1535252461518988,0,-3,1,0,0,0,1,1
1535252461518988,1,-3,0,0,-1,-3,-2,-1
1535252461534034,1,-2,1,1,-3,-2,0,0
1535252461534034,-2,0,-3,-2,-1,1,-1,0
1535252461535026,-2,-18,-6,-3,-2,-4,-2,0
1535252461535026,-1,13,0,1,2,0,0,-1
1535252461556308,0,0,6,3,2,-1,-1,1
1535252461556308,-2,-2,-9,-6,-6,-5,-2,-1
1535252461564384,-1,6,-1,0,-3,0,0,-1
1535252461564384,0,11,-2,0,0,2,-1,-2
1535252461570121,1,-5,-1,1,4,4,0,1
1535252461570121,1,17,8,10,9,2,2,1
1535252461579145,0,-19,0,0,-4,0,-1,0
1535252461579145,-2,-15,-6,-5,-4,-2,0,-2
1535252461594242,1,22,5,2,-1,-1,-1,-1
1535252461594242,-2,-1,1,-2,-4,1,0,-2
1535252461595186,0,8,3,1,-1,-2,-1,-1
1535252461595186,1,3,7,4,4,4,1,-1
1535252461616320,1,9,-4,-1,-2,-1,-2,-1
1535252461616320,-1,-16,-6,-6,-4,0,0,0
1535252461618251,0,4,0,0,-1,-3,-1,-1
1535252461618251,1,-8,-1,-1,-3,0,1,1
1535252461630314,-3,-9,0,4,3,0,0,-1
1535252461630314,-2,-20,2,-2,-1,0,0,0
1535252461646569,0,-5,3,0,1,0,-3,0
1535252461646569,1,1,0,0,-1,0,-1,0
1535252461654343,-1,-9,-7,-7,-6,-4,-3,-3
1535252461654343,0,2,-1,0,-2,-1,-1,-1
1535252461655346,-1,-11,-5,1,2,-2,0,-2
1535252461655346,1,0,-1,2,2,-2,-2,-1
1535252461676402,1,12,6,6,1,1,0,1
1535252461676402,-1,-15,0,-5,-2,-3,-2,-1
1535252461677406,0,-9,-5,-7,-4,-1,-2,-1
1535252461677406,-1,2,2,-3,-5,-3,0,1
1535252461690442,-1,6,1,-2,0,-1,0,-2
1535252461690442,0,9,2,6,5,3,1,-1
1535252461697494,0,4,0,2,2,3,1,1
1535252461697494,-1,12,1,0,1,0,-2,-2
1535252461713550,-2,-6,-7,-5,-4,-2,0,0
1535252461713550,-1,-2,-5,-2,-3,-4,-2,0
1535252461715506,0,7,5,3,0,-2,-2,-2
1535252461715506,1,14,-1,2,2,4,1,0
1535252461736611,-2,-14,-4,-3,-1,-1,-1,0
1535252461736611,0,24,3,2,2,1,-2,0
1535252461737563,2,15,-4,-2,-5,-3,0,0
1535252461737563,-3,-10,-9,-6,-7,-6,-3,0
1535252461749647,2,3,2,3,4,3,0,-2
1535252461749647,1,12,3,1,-2,3,1,1
1535252461758622,1,-1,2,0,-2,-3,0,-1
1535252461758622,-2,-9,2,-1,2,1,0,-1
1535252461773662,-3,-5,0,-4,-5,-1,0,-2
1535252461773662,-1,-4,-5,-3,-4,-4,-4,-1
1535252461775667,-3,-12,-5,-3,0,0,-4,-2
1535252461775667,0,-17,-4,-3,2,4,5,1
1535252461796755,-1,5,-1,-1,-1,-1,0,0
1535252461796755,-1,-9,0,-1,-3,-4,-1,-2
1535252461797725,-1,7,1,0,-2,-3,0,-2
1535252461797725,-1,2,4,3,1,4,-2,0
1535252461809756,1,10,3,2,2,-3,-1,0
1535252461809756,-1,-25,-8,-6,-5,-3,-1,1
1535252461818781,1,3,-4,-3,0,0,-1,0
1535252461818781,0,1,1,3,4,-1,0,0
1535252461833870,0,-7,-2,-2,1,-2,-2,0
1535252461833870,1,5,0,0,2,3,-1,-1
1535252461835829,-1,-14,3,1,-3,-3,-2,-1
1535252461835829,0,1,-1,-1,-1,-2,-2,-2
1535252461863938,0,-1,-1,2,1,2,0,1
1535252461863938,-1,3,0,0,1,-1,0,0
1535252461865911,0,-1,-4,-5,-2,0,-1,-2
1535252461865911,-4,1,0,2,-1,-2,1,-1
1535252461869953,5,-4,-2,-4,-2,0,1,3
1535252461869953,-4,-8,-2,-1,-2,2,-3,-2
1535252461885999,-2,-9,-3,-1,-1,0,0,1
1535252461885999,-1,8,-3,-2,-2,-2,-1,-2
1535252461894167,-1,-6,-1,-2,-1,0,-3,0
1535252461894167,1,-4,1,0,0,-5,-1,0
1535252461894988,-2,-7,-5,-3,-2,2,1,-1
1535252461894988,1,1,0,-1,-2,-4,-2,0
1535252461916082,-2,0,0,0,-2,-1,-2,-2
1535252461916082,1,4,-2,-4,-5,-2,0,0
1535252461918049,0,-2,3,4,3,-1,-1,0
1535252461918049,1,-3,3,2,4,0,2,2
1535252461930117,-3,-6,-1,-2,-1,1,1,-2
1535252461930117,-1,-7,3,1,2,1,1,1
1535252461939142,-1,-9,-4,-5,-4,-3,0,1
1535252461939142,-1,-4,-3,-3,-2,0,-3,-2
1535252461954184,-4,-6,-1,-1,-2,-4,-3,-3
1535252461954184,-2,1,0,1,1,-1,0,0
1535252461955144,2,-7,1,-2,-1,2,1,1
1535252461955144,-1,4,4,0,-4,-4,-1,-1
1535252461976200,-3,3,-6,-4,-4,-4,-1,-3
1535252461976200,0,-3,1,4,4,4,0,0
1535252461978291,-1,-5,1,1,2,-1,-1,0
1535252461978291,0,-6,-6,-2,-2,-1,-1,-2
1535252461990277,0,-8,1,0,-1,0,0,2
1535252461990277,0,-12,-3,-2,-4,-4,-2,-1
1535252461999264,-1,7,3,4,3,1,1,-1
1535252461999264,0,1,2,2,2,1,1,0
1535252462014308,-1,-17,-5,-3,-3,-3,-1,-1
1535252462014308,1,2,0,1,2,2,0,0
1535252462015490,1,4,2,1,1,-3,1,-2
1535252462015490,-1,-7,1,-1,-1,-1,-2,1
1535252462036399,1,6,1,1,-2,0,-1,0
1535252462036399,-3,-22,-7,-5,-3,-6,0,0
1535252462038366,-1,-17,-2,0,1,3,0,0
1535252462038366,-1,-12,-1,-4,-3,-3,-4,-2
1535252462050429,0,1,-4,-4,0,0,-1,-1
1535252462050429,1,18,-4,-4,-5,-2,0,0
1535252462059420,-3,7,0,1,0,0,-1,-3
1535252462059420,-1,-5,-6,1,-1,1,2,0
1535252462073511,0,11,0,-1,-3,-2,-4,0
1535252462073511,0,2,1,1,0,1,-1,-2
1535252462080522,0,-5,0,-1,-1,0,0,1
1535252462080522,-2,-9,-1,-1,-3,-2,1,1
1535252462096627,0,20,4,4,5,3,1,-1
1535252462096627,1,10,4,3,2,-1,-1,-1
1535252462097527,-1,5,-1,-2,-1,-2,-1,0
1535252462097527,2,16,1,-1,-1,-1,-1,-2
1535252462109591,2,-5,3,1,1,-3,2,1
1535252462109591,-1,5,4,3,7,9,2,1
1535252462118688,-3,-16,-5,-6,-4,-5,0,0
1535252462118688,-1,9,3,-1,-2,-1,1,1
1535252462141761,-2,30,3,2,0,-3,-2,-2
1535252462141761,0,-2,-7,-4,-2,0,-1,0
1535252462142723,1,5,0,2,1,1,0,-1
1535252462142723,0,6,0,0,1,0,-1,0
1535252462156783,-1,-4,-3,-5,-6,-3,0,0
1535252462156783,-2,-11,-1,-3,-2,0,3,-1
1535252462157682,-1,23,1,-2,-4,-3,-3,-3
1535252462157682,-2,1,-1,-4,-7,-6,-4,-2
1535252462169823,1,-6,1,4,6,1,3,1
1535252462169823,2,1,0,0,-2,-1,-3,-1
1535252462178739,-1,-6,0,-2,-2,-2,0,-2
1535252462178739,1,14,1,6,8,7,3,1
1535252462192777,-3,6,-2,-3,-6,-5,-3,-2
1535252462192777,0,6,1,-2,-6,-9,-4,-2
1535252462199857,2,-5,5,5,8,8,5,2
1535252462199857,-1,-3,0,-1,2,3,0,0
1535252462216840,-1,-11,-5,-4,-4,0,0,-1
1535252462216840,0,7,1,0,-2,0,-1,0
1535252462218164,-2,0,-7,-8,-5,-3,-2,-1
1535252462218164,-2,-17,-5,-2,0,1,2,-1
1535252462229875,-1,-23,4,2,5,3,0,0
1535252462229875,-2,-6,-3,-8,-4,-5,-3,1
1535252462238900,1,1,-4,-2,-7,-5,-4,-1
1535252462238900,-1,2,1,2,3,1,0,-2
1535252462252941,0,13,-2,3,5,0,3,2
1535252462252941,-2,-9,-5,0,0,1,0,-1
1535252462260151,-1,-17,-2,1,2,2,2,3
1535252462260151,1,-2,-4,-3,-5,-3,-1,-1
1535252462276588,-2,7,3,2,0,0,-2,0
1535252462276588,0,1,0,1,-1,-1,-1,-3
1535252462278004,0,-4,2,-5,-6,-3,-1,0
1535252462278004,-1,-2,3,-1,-2,-4,-4,0
1535252462299096,1,-15,5,-3,3,4,0,1
1535252462299096,-2,9,6,13,2,-1,-1,0
1535252462300585,-2,2,-4,-9,-8,-7,-2,-1
1535252462300585,1,10,3,3,2,0,0,0
1535252462313099,-1,-20,-6,-8,-1,1,0,-1
1535252462313099,0,-4,0,5,4,5,5,0
1535252462320115,0,-3,0,2,-2,-2,-1,-1
1535252462320115,-1,6,-3,-6,-6,-4,-2,-4
1535252462336263,-1,-9,-2,3,-1,0,-1,-1
1535252462336263,-1,9,0,-3,-1,-2,-2,0
1535252462338165,-2,6,-4,-2,-1,1,1,0
1535252462338165,-1,4,-2,-13,-7,-4,-3,0
1535252462359224,1,2,-2,10,2,-1,-2,-2
1535252462359224,-1,-14,0,4,2,0,0,0
1535252462360369,1,-18,-2,-1,0,-4,-1,-1
1535252462360369,0,-25,-2,5,3,3,2,0
1535252462373368,-2,-15,-4,-3,5,6,3,-1
1535252462373368,1,4,3,-5,-6,-2,-2,-1
1535252462380382,-1,11,4,-6,-7,-2,-3,0
1535252462380382,1,13,1,3,-4,-10,-6,-3
1535252462396320,-2,-36,1,-1,7,11,7,4
1535252462396320,-3,-7,-3,-7,-2,0,1,-1
1535252462398322,1,-5,0,9,5,4,1,-1
1535252462398322,-1,-8,-2,0,-3,-8,-5,0
1535252462418376,0,12,0,8,-2,-8,-7,-4
1535252462418376,0,-10,5,27,10,9,3,1
1535252462420381,-2,3,-6,-35,1,1,0,-1
1535252462420381,-1,-25,-12,-16,-7,-1,0,0
1535252462441438,1,25,0,5,-19,-10,-7,-2
1535252462441438,0,-27,-9,-21,-1,0,3,1
1535252462443445,-2,-1,2,19,11,3,0,-1
1535252462443445,-2,8,3,7,3,5,1,-2
1535252462456516,-1,11,-2,-23,-8,-4,-4,-1
1535252462456516,1,-2,-8,0,-6,-8,-5,-2
1535252462462493,-2,-13,-3,9,-5,-1,-2,-1
1535252462462493,0,-7,-7,-10,-1,-1,-2,1
1535252462495581,-2,8,-2,-2,-4,-4,-2,-2
1535252462495581,0,20,1,2,4,2,2,-3
1535252462497592,-1,8,-1,-2,3,-2,0,-2
1535252462497592,-2,2,3,7,4,4,2,-2
1535252462498590,-2,-2,2,5,5,3,1,-2
1535252462498590,0,-4,3,-1,-1,-2,-2,1
1535252462516782,1,34,2,7,-1,3,-2,0
1535252462516782,-1,29,-6,-3,-11,-8,-4,-1
1535252462517745,0,60,2,-3,1,0,3,-1
1535252462517745,-3,35,2,2,8,2,3,-2
1535252462519644,-2,33,4,19,-4,-2,-1,0
1535252462519644,0,37,0,-18,-1,1,-1,0
1535252462538737,-1,22,-8,-15,-13,-8,-7,-1
1535252462538737,0,45,4,13,-1,3,2,0
1535252462540702,-2,22,-8,-7,4,5,3,0
1535252462540702,0,37,4,9,7,3,1,-1
1535252462552806,0,19,0,-1,0,3,1,1
1535252462552806,-1,47,-3,-11,-14,-11,-8,-4
1535252462561757,0,36,3,5,4,5,2,0
1535252462561757,0,22,-1,-19,-2,1,0,1
1535252462576799,-2,24,4,29,13,4,-1,-1
1535252462576799,2,39,0,0,-2,-3,-3,0
1535252462577800,-3,17,-1,-9,-7,-5,-2,-1
1535252462577800,2,39,10,36,11,5,2,-1
1535252462598858,0,24,-6,-25,-2,-2,-1,-3
1535252462598858,0,17,1,-10,-5,-6,-3,-2
1535252462600863,-2,14,0,2,1,1,0,-1
1535252462600863,-2,18,4,1,-1,6,4,0
1535252462612893,-1,17,-3,-6,-7,-2,-1,0
1535252462612893,-2,6,-6,6,1,-3,1,-1
1535252462621949,3,12,0,-3,2,-3,-5,-1
1535252462621949,-2,4,1,-3,-12,-7,-4,-2
1535252462636531,1,-1,-5,20,5,5,1,0
1535252462636531,-2,-9,-8,-25,0,0,-4,0
1535252462638014,2,-7,0,11,0,-5,-2,0
1535252462638014,1,5,-1,8,4,-1,0,0
1535252462659016,0,4,4,-4,-7,-1,0,-1
1535252462659016,-2,0,0,-5,-7,-2,-1,-2
1535252462660020,0,7,-1,-10,-4,-5,-3,-2
1535252462660020,-2,-1,-4,1,3,0,2,-2
1535252462672103,0,-8,4,4,12,4,4,-1
1535252462672103,-2,5,6,6,2,1,0,0
1535252462681107,-2,-11,6,15,-6,0,0,-2
1535252462681107,-1,-15,-9,-25,2,0,0,0
1535252462697119,-3,-9,7,-3,-7,-4,-3,1
1535252462697119,-1,-12,-9,11,-1,-1,1,-3
1535252462698127,1,0,-2,-10,-3,-8,-7,-2
1535252462698127,0,-8,1,15,8,5,4,0
1535252462719247,0,11,1,6,3,4,3,2
1535252462719247,-3,-5,-2,-8,-2,2,-2,2
1535252462720183,1,3,1,-11,-6,-4,-2,-1
1535252462720183,0,1,1,2,-1,-2,-2,-1
1535252462732215,0,4,-2,-7,-2,-5,-4,-4
1535252462732215,0,-35,-1,-4,-7,-2,-3,0
1535252462741243,-1,-11,-5,-1,7,6,6,0
1535252462741243,-2,-12,-1,-1,-3,-4,-2,-1
1535252462756349,1,12,0,-16,-1,-2,-1,1
1535252462756349,0,-9,2,15,2,-1,-1,1
1535252462758287,-2,-23,-5,9,-1,-3,-3,-1
1535252462758287,-1,8,4,6,-4,1,-1,-1
1535252462779341,-1,-7,-5,-17,9,2,3,2
1535252462779341,2,-6,0,5,1,-2,1,1
1535252462780340,0,-3,-1,-8,-4,1,0,2
1535252462780340,-2,-20,-12,-9,-2,-2,-2,-1
1535252462792478,1,-7,-3,2,-11,-3,-4,-1
1535252462792478,-1,-8,2,0,8,6,5,0
1535252462801398,0,13,-1,-4,-1,-1,1,-2
1535252462801398,1,19,3,-3,-7,-9,-5,0
1535252462816520,-3,-8,-1,11,8,8,2,0
1535252462816520,0,10,0,-13,-3,-2,0,-1
1535252462817438,-2,7,-1,-11,-2,3,0,-2
1535252462817438,-1,5,6,21,-3,1,2,1
1535252462838494,-5,-28,-4,-2,-7,-6,-3,-2
1535252462838494,2,4,3,3,4,-1,-2,0
1535252462840499,-1,-2,-3,11,5,0,1,0
1535252462840499,0,4,1,-9,-2,-2,1,0
1535252462852531,-3,25,5,9,3,-1,-2,-2
1535252462852531,-1,14,0,-6,0,3,1,0
1535252462861555,0,-6,-5,-2,-2,-1,1,2
1535252462861555,-1,9,-4,-5,-1,-2,-3,-1
1535252462876603,1,0,6,8,-3,-1,1,0
1535252462876603,-4,-13,-9,-18,-2,2,-1,-2
1535252462877789,0,15,6,0,-9,-2,-1,-2
1535252462877789,0,-11,-3,-15,1,4,0,1
1535252462898692,1,10,-2,27,8,-1,-2,-1
1535252462898692,1,6,7,9,-1,-1,-1,-2
1535252462900659,0,-8,-3,-12,-6,-1,-3,0
1535252462900659,0,10,0,3,-2,1,0,-2
1535252462912695,-2,-3,-3,-8,-4,-5,-3,-2
1535252462912695,-2,8,-3,-2,-1,-1,-1,-3
1535252462921721,-1,9,2,10,7,2,1,-1
1535252462921721,-1,5,-2,-5,-5,-3,-3,-1
1535252462936793,-1,-12,-3,-2,0,1,1,0
1535252462936793,1,15,-3,-6,-4,-1,-1,0
1535252462937764,0,-20,3,-7,1,-1,-1,1
1535252462937764,0,-6,-6,4,1,0,-1,-1
1535252462974897,-1,1,-4,-9,-4,-2,0,-2
1535252462974897,-1,7,2,1,1,-1,0,-1
1535252462975865,0,-6,2,8,4,3,1,-1
1535252462975865,-3,-18,2,3,3,3,0,1
1535252462976934,-2,-2,-8,-6,-3,-2,0,-1
1535252462976934,0,-11,-2,-2,-4,-2,-3,1
1535252462988897,-1,-3,2,-4,2,0,0,0
1535252462988897,-1,-13,0,-4,-4,-4,-1,-2
1535252462995916,1,-9,-1,-2,-4,0,0,2
1535252462995916,-1,-8,-2,4,5,1,-1,0
1535252463002937,-1,1,-3,-4,-3,-3,-2,-3
1535252463002937,-5,-10,0,-1,2,0,-1,-1
1535252463019011,1,20,4,2,-4,-2,-4,-4
1535252463019011,-1,-22,-5,-5,-4,-2,0,0
1535252463019981,-1,-13,-3,6,2,-2,0,1
1535252463019981,2,13,-1,-7,0,-1,0,0
1535252463041067,-1,11,2,8,2,0,-1,0
1535252463041067,0,-10,2,-2,-4,2,0,-1
1535252463043038,-1,2,4,-8,1,0,-1,0
1535252463043038,3,-5,4,16,10,0,4,2
1535252463056152,-2,-28,-6,-8,-3,-1,0,0
1535252463056152,1,5,1,2,-1,-1,0,0
1535252463062119,-2,-33,-6,-6,-5,-1,-2,0
1535252463062119,-1,-1,-5,-2,-4,0,-3,-1
1535252463078134,1,12,-3,-3,1,1,0,0
1535252463078134,1,-15,-3,3,2,-1,-1,0
1535252463086221,1,121,-1,3,0,1,0,-1
1535252463086221,0,77,2,3,-1,0,0,0
1535252463092480,-1,26,0,0,-1,-2,1,1
1535252463092480,-2,-19,1,1,-5,-1,0,0
1535252463101192,0,-54,-6,0,-3,-4,-2,-2
1535252463101192,0,-42,5,3,5,3,0,-1
1535252463116233,0,-62,-4,-8,-2,-2,0,0
1535252463116233,0,-25,4,12,3,1,0,-1
1535252463122283,-2,-30,1,20,2,0,0,-2
1535252463122283,0,-15,-3,-5,-1,-2,-3,-2
1535252463139409,1,-16,0,-1,0,-4,1,1
1535252463139409,-1,-11,2,-6,-1,3,0,0
1535252463140297,-1,4,3,4,2,-2,-1,-2
1535252463140297,0,-19,0,-2,0,1,-1,0
1535252463152363,0,-7,0,-2,-2,0,0,-1
1535252463152363,0,12,-5,-6,-3,-2,-2,-2
1535252463161377,0,-8,3,-3,-1,-2,1,1
1535252463161377,-3,-15,-4,-5,-5,-4,-2,-1
1535252463175500,-3,-7,0,-4,-1,-1,-2,-1
1535252463175500,-1,12,-2,1,4,-3,1,-1
1535252463182598,1,-19,4,1,1,4,1,0
1535252463182598,-1,-29,-4,-6,-3,-1,0,0
1535252463199491,1,91,-3,2,-2,-2,-1,-2
1535252463199491,-2,51,0,1,0,-2,-1,0
1535252463201463,1,24,1,-6,0,-1,0,0
1535252463201463,1,2,2,4,-1,-1,-1,0
1535252463220545,1,-43,4,-1,-1,0,-2,1
1535252463220545,2,-37,-1,-1,-3,-3,1,0
1535252463228540,-1,-1,2,-5,0,-1,-1,-1
1535252463228540,-2,-23,-4,-5,1,4,6,1
1535252463260619,-1,-25,3,6,-1,-4,-2,0
1535252463260619,-2,-7,2,0,0,2,0,-1
1535252463261875,3,1,1,-1,-1,-1,0,0
1535252463261875,-2,10,-3,-8,-5,-3,-1,-1
1535252463262811,1,2,1,7,2,4,1,0
1535252463262811,1,9,-2,-3,1,0,1,-1
1535252463290697,-1,-2,2,10,-1,-2,0,-1
1535252463290697,1,9,-2,-4,0,-2,-3,-1
1535252463291931,-1,-3,-3,-9,-1,0,-1,-2
1535252463291931,0,-1,-1,-1,-1,-2,-5,-1
1535252463304735,-1,0,-2,-3,-1,-3,2,1
1535252463304735,1,3,3,4,-3,-6,-4,0
1535252463305737,0,-14,-5,-1,0,9,5,-1
1535252463305737,-1,-60,-1,1,0,1,0,0
1535252463306744,-1,-31,-7,-9,-3,-2,-1,-1
1535252463306744,-2,-22,0,13,1,1,0,0
1535252463318773,0,7,4,1,3,-5,-2,1
1535252463318773,0,20,-7,-9,-5,-2,-3,-1
1535252463320781,-3,21,-1,0,-1,2,-1,-2
1535252463320781,1,20,2,-1,-1,-4,-2,-2
1535252463341874,-2,15,-2,-7,0,0,-2,0
1535252463341874,0,12,-1,10,5,4,1,2
1535252463343839,-1,3,0,-4,1,1,0,0
1535252463343839,-1,10,-3,-4,-1,0,1,0
1535252463354906,1,5,0,4,1,-1,-1,-1
1535252463354906,-2,17,1,-4,-4,-4,-4,-2
1535252463364189,1,5,4,3,-1,1,3,1
1535252463364189,-1,7,-1,-1,0,3,1,2
1535252463378931,-2,-3,-2,-6,0,-2,0,-1
1535252463378931,-2,-11,-3,3,-2,-2,1,0
1535252463379937,-1,-5,-4,-3,-1,-4,-2,-2
1535252463379937,3,8,2,2,1,0,-2,-2
1535252463401027,0,-14,-6,-5,-4,1,-1,-3
1535252463401027,-1,3,4,1,2,3,0,0
1535252463403000,-1,-5,-1,-2,0,-5,-5,0
1535252463403000,-1,-5,1,3,3,10,7,-1
1535252463415039,0,-1,3,3,1,-2,-3,0
1535252463415039,0,4,2,-2,0,2,2,-1
1535252463424063,2,0,-1,1,-1,-1,0,0
1535252463424063,-1,5,-6,-6,-5,-8,-5,-2
1535252463439129,0,-2,0,2,2,1,-2,-1
1535252463439129,-2,-7,2,0,0,1,2,0
1535252463440321,-1,2,-4,1,2,-1,-2,0
1535252463440321,0,-13,2,2,-3,-2,0,1
1535252463461153,-2,-14,-1,-7,-5,0,2,-1
1535252463461153,0,-2,-1,2,-1,-9,-6,-3
1535252463463156,0,6,-2,-3,-3,9,4,0
1535252463463156,2,4,3,1,0,0,-5,-1
1535252463475280,1,3,0,-5,-2,-7,-5,1
1535252463475280,1,10,0,1,4,5,3,2
1535252463484290,0,-17,2,0,0,0,0,-2
1535252463484290,-1,6,4,1,0,-1,-1,-2
1535252463498251,1,2,3,1,-2,-3,-3,0
1535252463498251,-2,10,0,-2,0,-5,-3,-1
1535252463505267,0,4,-2,2,1,1,-1,-1
1535252463505267,-3,-7,-6,-6,-2,-1,0,-2
1535252463521347,0,-1,-3,2,1,-1,1,-1
1535252463521347,-1,2,0,0,-2,2,0,-1
1535252463523316,0,3,-1,-2,-1,0,0,-1
1535252463523316,0,-2,1,0,-1,-7,-4,-2
1535252463535384,0,-11,1,-1,-2,4,3,1
1535252463535384,1,-7,-3,-6,-1,1,-1,-1
1535252463550417,0,-8,-2,-2,-1,-3,-4,1
1535252463550417,-2,0,-1,-3,0,-2,0,1
1535252463558448,8,-27,-11,-3,-3,-2,-4,-4
1535252463558448,-5,84,23,8,4,6,10,10
1535252463560659,-2,-45,-13,-5,-1,-4,-8,-4
1535252463560659,-9,13,9,5,6,6,3,0
1535252463581477,-4,0,3,4,3,0,0,-1
1535252463581477,-10,-55,-31,-4,-3,-4,-2,-4
1535252463582476,-5,97,15,0,-4,2,12,18
1535252463582476,-5,38,3,1,-3,-3,-14,-30
1535252463595519,-4,23,9,3,0,2,0,2
1535252463595519,0,-45,-1,2,3,0,-5,-5
1535252463603566,7,-28,-4,1,1,2,2,0
1535252463603566,3,-36,-7,-1,0,2,2,6
1535252463618608,4,-12,-4,-2,-2,-3,-5,-1
1535252463618608,1,-21,-1,-3,-5,-4,-4,-7
1535252463620576,-1,-10,-3,-1,-3,-2,0,-1
1535252463620576,6,18,8,2,-2,-1,3,7
1535252463641676,-1,-13,-8,-5,-2,0,1,-4
1535252463641676,8,-16,-2,-2,-3,-6,-3,2
1535252463642635,-2,26,-2,-2,0,6,1,-4
1535252463642635,-1,-17,-2,2,1,-5,3,3
1535252463654665,-5,5,0,2,2,-1,-1,1
1535252463654665,8,17,0,-2,-1,-1,5,1
1535252463663692,-7,-11,2,2,0,-3,-7,-2
1535252463663692,4,-8,-3,-1,-1,0,-1,-3
1535252463678731,-7,-21,5,3,4,2,1,-2
1535252463678731,4,51,3,-4,-4,-2,0,-1
1535252463680736,-1,17,-1,3,-1,1,-2,-7
1535252463680736,-4,26,0,-1,1,1,2,9
1535252463701793,-2,8,5,5,-1,0,1,2
1535252463701793,1,-31,-2,-4,-5,-2,-6,-4
1535252463702794,0,25,9,3,4,3,2,0
1535252463702794,2,-22,-1,3,0,-1,0,2
1535252463714826,0,-12,-6,-4,-4,-3,-1,-2
1535252463714826,-3,-5,-1,-4,-3,-1,-1,0
1535252463723850,4,-18,-4,-1,1,1,0,-2
1535252463723850,4,-17,2,-2,0,0,-1,1
1535252463738895,4,27,0,2,2,1,-2,-1
1535252463738895,-5,0,0,-2,-2,-1,3,0
1535252463740894,-8,-14,0,-1,2,-3,-2,2
1535252463740894,-4,-1,-9,-5,-1,1,1,0
1535252463760947,-3,3,0,0,0,-3,-1,-1
1535252463760947,1,-13,-1,-5,-1,-3,2,1
1535252463762952,0,-13,-7,-6,-3,1,-2,-3
1535252463762952,0,1,-2,-4,-4,-1,0,2
1535252463774987,-5,7,-2,-6,-3,-1,1,2
1535252463774987,-2,2,-3,-2,-1,0,-1,-2
1535252463784008,2,-22,-3,-2,-3,-5,-2,-3
1535252463784008,0,8,2,5,2,1,0,0
1535252463806067,-3,5,1,1,1,1,1,0
1535252463806067,-2,7,3,5,3,3,-1,0
1535252463808072,-1,-9,-1,-3,-2,-2,-1,0
1535252463808072,3,2,1,2,0,-1,-2,-1
1535252463821109,0,-20,-4,-2,-2,0,0,0
1535252463821109,-3,-6,3,1,1,1,-1,-1
1535252463827124,0,8,4,3,-1,-1,-1,-1
1535252463827124,1,17,-4,-3,-1,-3,-2,-2
1535252463844172,3,5,-6,-4,-2,-1,-1,0
1535252463844172,-1,8,1,2,1,0,-1,0
1535252463845172,2,-8,-4,0,1,1,-2,-3
1535252463845172,-1,-11,-5,-4,-3,-3,0,-1
1535252463859210,-1,5,1,-1,-2,-1,2,0
1535252463859210,1,-9,-2,-4,-4,-2,-2,0
1535252463860211,1,-7,2,1,1,-1,-1,-1
1535252463860211,-1,-3,3,0,-1,0,-1,-1
1535252463881269,1,-3,-5,-4,-2,-2,-1,-1
1535252463881269,0,-14,0,1,1,2,0,-1
1535252463883272,-1,-37,3,-2,-1,-1,0,1
1535252463883272,-3,-11,-6,-3,-3,-1,-2,-2
1535252463895308,5,25,9,9,2,0,-2,-1
1535252463895308,-5,-16,-8,-5,-3,1,-1,-1
1535252463904369,3,-4,0,3,0,-1,-1,0
1535252463904369,2,-13,0,1,2,0,-1,0
1535252463918366,-1,-27,1,-1,-1,-2,-2,-1
1535252463918366,1,11,0,2,-1,-2,-1,-1
1535252463920371,-1,-10,-2,1,-2,-2,0,0
1535252463920371,-1,2,0,0,1,0,-1,-2
1535252463941482,1,23,-1,1,0,0,0,-1
1535252463941482,-2,-6,0,-2,-2,-3,0,-2
1535252463942430,-1,-13,-8,-2,0,0,-1,0
1535252463942430,2,12,5,4,3,1,1,2
1535252463955468,1,12,-5,-1,3,1,1,1
1535252463955468,-2,-15,-9,-6,-4,-2,0,-1
1535252463963490,1,30,2,1,-3,-4,-4,-3
1535252463963490,-1,-9,-5,-6,-5,-3,-2,0
1535252463978529,-2,-4,-10,-7,-3,0,2,-1
1535252463978529,0,2,4,2,1,0,1,-1
1535252463984585,1,5,-3,-1,2,0,-2,0
1535252463984585,-3,-9,-9,-8,-6,-1,1,0
1535252464001630,1,17,4,3,-2,0,0,0
1535252464001630,0,15,-6,-3,-1,0,-1,0
1535252464002593,-2,8,1,-2,-2,0,0,-2
1535252464002593,-2,0,0,2,1,0,-1,1
1535252464014732,1,-1,-2,0,-1,0,1,-1
1535252464014732,0,19,2,5,1,1,-1,0
1535252464023655,0,8,1,1,2,-1,-1,0
1535252464023655,0,5,0,-1,0,0,1,-1
1535252464038696,-1,14,0,1,1,0,-3,-1
1535252464038696,-4,-37,-11,-9,-4,-2,-1,-1
1535252464044711,0,-5,1,0,0,0,-1,-1
1535252464044711,-1,14,-1,-1,0,0,1,-1
1535252464061748,-1,-5,0,-2,-2,0,-1,0
1535252464061748,2,8,-2,-1,0,-1,-1,-1
1535252464062800,-2,-16,-9,-6,-4,-5,0,2
1535252464062800,1,9,-2,-2,1,2,-1,-1
1535252464074937,2,5,1,5,4,0,0,1
1535252464074937,2,8,2,-1,-2,-2,-1,-1
1535252464083912,1,-11,-4,-7,-6,1,1,1
1535252464083912,-3,-5,-5,-4,-4,-3,-2,0
1535252464105866,-4,-31,-8,-9,-6,-4,-2,-3
1535252464105866,-1,19,3,6,4,0,-3,0
1535252464107871,-3,-20,-2,-4,-3,-1,0,-1
1535252464107871,1,-2,5,5,2,2,0,1
1535252464120906,1,-2,2,-1,0,-2,-2,-1
1535252464120906,-3,-34,3,3,1,0,0,-1
1535252464123137,-2,5,5,2,1,2,1,-1
1535252464123137,-2,-11,0,-2,1,0,-1,-1
1535252464134944,-1,-20,2,1,-2,-2,1,0
1535252464134944,2,13,0,0,-1,0,-2,1
1535252464144011,0,1,-1,-1,0,-1,-1,-1
1535252464144011,0,-17,1,1,2,-1,-1,-1
1535252464159057,-1,28,2,1,-1,0,-2,-3
1535252464159057,0,1,2,0,-1,-1,2,0
1535252464160074,2,0,1,0,0,1,1,1
1535252464160074,2,17,6,5,2,1,-1,1
1535252464181067,-1,3,-3,-2,0,0,-1,1
1535252464181067,1,-11,2,4,4,2,0,2
1535252464183071,0,-3,-1,1,0,-2,0,0
1535252464183071,0,-6,1,-1,-2,-2,-1,0
1535252464204176,-1,-15,1,0,-1,0,0,2
1535252464204176,-3,0,-5,-5,-2,-2,1,-1
1535252464205140,-1,14,6,5,1,0,-3,-1
1535252464205140,0,-2,-4,-4,-1,-2,2,-1
1535252464219216,0,-4,-3,-1,-1,-1,0,-1
1535252464219216,0,5,-2,0,0,-1,-3,0
1535252464220168,0,-17,0,-1,0,-2,-2,-1
1535252464220168,-4,-20,-8,-4,-3,1,1,0
1535252464241283,1,-1,4,1,-1,0,0,1
1535252464241283,0,-7,-2,-1,0,-1,1,0
1535252464243233,1,-12,-3,-1,0,-2,-1,-1
1535252464243233,-1,-2,-1,-3,-1,-1,0,-1
1535252464264290,0,1,2,2,0,1,1,0
1535252464264290,1,4,5,4,0,1,0,-1
1535252464265290,-2,4,-3,-1,-1,0,1,0
1535252464265290,0,19,3,5,0,-2,-2,-3
1535252464278325,1,-17,-2,-1,0,-2,-1,1
1535252464278325,1,0,5,1,2,2,1,0
1535252464280385,-3,-10,-4,-2,-4,-1,0,0
1535252464280385,-1,-5,-1,0,0,-2,-4,-1
1535252464301477,-1,13,-2,0,-1,-2,-3,-2
1535252464301477,-1,-9,-1,-1,1,-1,-1,0
1535252464303391,0,-1,1,0,1,0,0,0
1535252464303391,-1,-18,-8,-8,-5,-2,-1,-2
1535252464323443,-3,-4,-6,-5,-2,-2,-2,-2
1535252464323443,-1,7,1,0,-2,-1,0,-1
1535252464325449,-1,-12,-3,-5,-3,1,1,1
1535252464325449,-3,5,-3,-2,-2,-1,0,-1
1535252464338488,-3,-3,3,-2,-2,-2,-2,-1
1535252464338488,-1,18,2,3,2,1,-1,-1
1535252464352523,1,2,2,4,1,1,-1,-2
1535252464352523,0,14,-1,2,-1,1,-1,-1
1535252464361546,0,15,-5,-5,-2,0,0,-1
1535252464361546,-2,2,-3,-4,-5,-4,-1,-1
1535252464362550,-2,20,-1,1,-1,0,-1,-3
1535252464362550,0,1,3,3,3,2,3,0
1535252464383639,-1,21,3,4,1,1,0,1
1535252464383639,-3,-17,-3,-2,-1,1,1,0
1535252464385612,0,9,-2,0,-1,-4,-3,-1
1535252464385612,-3,-13,-4,-4,-3,-2,0,-1
1535252464398652,-1,5,0,0,0,1,-2,-2
1535252464398652,1,1,0,-1,0,-2,-1,-1
1535252464404696,0,-1,1,-1,-3,-2,-1,0
1535252464404696,0,-3,3,0,2,0,1,1
1535252464421753,-2,12,-4,-1,0,1,-1,-2
1535252464421753,1,-11,-9,-4,-2,-1,1,0
1535252464422714,-2,7,-3,-4,-1,-1,-3,-2
1535252464422714,0,27,9,8,3,-2,-1,-1
1535252464443806,-4,-21,-5,-7,-3,-4,-2,-2
1535252464443806,0,12,2,1,0,1,0,-1
1535252464445851,-1,13,3,2,2,1,-1,-1
1535252464445851,0,8,0,3,3,3,0,0
1535252464457847,1,7,2,1,0,2,1,0
1535252464457847,-3,-8,-4,-6,-4,-3,-2,-1
1535252464466827,-1,-15,-2,-5,-3,-3,-1,1
1535252464466827,-3,-7,0,0,0,-1,-1,-1
1535252464481867,1,-13,0,5,4,2,1,1
1535252464481867,-2,-9,1,0,1,2,-1,-1
1535252464482870,-1,-12,-2,-2,-3,-1,0,-1
1535252464482870,-1,-5,-2,-4,-5,-3,-2,-1
1535252464503928,1,-10,3,-1,-1,-1,-1,-1
1535252464503928,-1,-1,-2,1,0,0,-1,-2
1535252464505936,0,-8,-2,-1,0,0,1,-1
1535252464505936,-3,-23,-5,-7,-3,1,1,3
1535252464517963,0,2,6,2,-2,-3,-2,-1
1535252464517963,0,1,0,-1,-2,-2,-1,0
1535252464527033,1,-2,0,-1,-1,-1,-1,-2
1535252464527033,2,3,0,-1,-2,-2,-3,-1
1535252464541026,-2,5,-2,-1,-3,-4,-2,-1
1535252464541026,1,-6,5,4,5,-1,-1,-1
1535252464543121,1,-3,3,3,5,6,3,2
1535252464543121,1,-19,-2,-4,-1,-1,-2,-1
1535252464564087,-3,-6,-4,-4,-4,0,2,0
1535252464564087,1,-5,2,3,1,0,-1,0
1535252464565088,0,-4,2,2,-1,-3,-2,1
1535252464565088,-1,0,0,2,-1,1,-2,-1
1535252464577156,1,-8,1,0,1,-1,-2,0
1535252464577156,-2,-15,-4,-3,-2,-3,-1,-1
1535252464586148,-2,-4,-3,-3,-1,-1,0,0
1535252464586148,1,-10,-2,-3,-3,-2,-2,-1
1535252464601254,0,5,-1,-2,-1,-1,-2,-1
1535252464601254,-2,1,2,3,-1,-2,0,0
1535252464603190,-1,11,2,4,3,0,-1,-1
1535252464603190,1,-14,-2,-3,-2,1,1,0
1535252464624244,0,13,1,0,-2,-1,0,-3
1535252464624244,0,-3,-1,0,-1,-1,-1,-2
1535252464625251,-2,5,-2,3,4,3,1,-1
1535252464625251,-2,-5,-1,-2,0,-2,-1,-1
1535252464637382,-1,-16,-3,-3,-3,-1,0,1
1535252464637382,-1,-3,1,-3,-3,0,-2,0
1535252464646689,-1,-12,-2,-5,-7,-6,-4,-2
1535252464646689,1,-5,4,3,3,-1,0,1
1535252464661348,1,-10,-1,3,4,4,1,1
1535252464661348,1,-16,-2,-4,0,1,1,0
1535252464663349,1,-14,-1,-4,-5,1,1,1
1535252464663349,-1,-2,-4,-2,-2,-3,-2,-2
1535252464684452,-2,6,0,2,-3,-6,-2,-2
1535252464684452,1,2,-1,-1,1,2,0,-1
1535252464685529,0,-13,-2,-1,-2,-1,0,-1
1535252464685529,-2,1,-4,-1,-3,-4,-4,-2
1535252464697440,0,-1,-1,2,3,4,0,1
1535252464697440,0,-2,0,-1,-1,0,1,0
1535252464706473,-1,7,-2,-3,-3,-3,-1,-2
1535252464706473,0,23,-5,-2,-2,-1,0,-3
1535252464721622,-1,-4,-3,-4,2,0,-1,0
1535252464721622,-1,10,2,2,1,1,-1,-1
1535252464722509,0,-1,1,-1,-1,0,-1,-2
1535252464722509,0,11,3,2,2,-1,1,2
1535252464743567,-3,12,0,-2,-4,-2,-2,-1
1535252464743567,0,-3,-4,-2,-4,-3,-1,-2
1535252464745569,0,-12,1,2,4,1,0,1
1535252464745569,-2,10,-2,0,-3,-3,-1,-3
1535252464766627,3,-5,3,3,6,5,0,-1
1535252464766627,-1,3,0,0,-1,-2,0,-1
1535252464767628,-1,10,-3,-5,-3,-2,0,0
1535252464767628,0,5,-2,-4,-3,-1,-2,-1
1535252464781939,-2,-10,-5,-5,-4,-1,1,-1
1535252464781939,-1,0,-2,0,1,0,0,0
1535252464783671,0,-5,4,1,0,1,0,0
1535252464783671,1,-9,-4,-2,-2,-4,-3,0
1535252464803723,-1,1,1,0,0,-6,-2,-1
1535252464803723,0,-17,-7,-3,-3,5,0,0
1535252464805821,-1,-9,-3,-4,-3,-1,-1,0
1535252464805821,0,-6,0,1,0,1,-1,0
1535252464817821,0,5,0,1,1,0,2,-1
1535252464817821,-1,-3,-1,-1,-2,-4,0,1
1535252464826791,-2,-1,0,-1,-2,-2,0,-2
1535252464826791,-2,-9,1,2,0,3,0,-1
1535252464841873,-2,4,-1,2,3,1,0,0
1535252464841873,-1,4,2,0,-1,-3,-2,-1
1535252464843003,-3,-6,-2,1,2,1,-1,-2
1535252464843003,-1,-8,-4,-4,-2,-3,-3,0
1535252464864031,-3,-9,2,-2,-3,-5,-4,-2
1535252464864031,0,-12,-2,-1,2,3,1,0
1535252464865887,0,-12,-2,0,-3,-3,0,-2
1535252464865887,-2,-4,0,3,3,3,2,0
1535252464877964,1,-13,1,-1,-4,-1,0,0
1535252464877964,0,17,2,0,-3,-4,-1,-2
1535252464887011,-1,-1,-4,-4,-1,0,-2,0
1535252464887011,-1,14,2,4,3,3,1,-1
1535252464901087,-1,-16,-4,-3,-5,-1,-1,1
1535252464901087,-1,-4,1,1,3,2,1,-1
1535252464908045,1,-6,1,3,3,1,0,0
1535252464908045,0,2,5,3,0,-3,-2,-2
1535252464924152,0,-7,-12,-8,-5,2,1,0
1535252464924152,-2,-14,-3,-4,-5,-5,-3,-1
1535252464925056,1,-20,-1,-1,-3,-1,-1,0
1535252464925056,-1,-21,1,-1,5,6,3,1
1535252464937079,-2,7,1,2,-2,-3,0,-2
1535252464937079,-1,-12,-2,0,2,0,-2,-2
1535252464946100,1,0,-1,-3,-1,1,0,0
1535252464946100,-2,9,-1,-3,-3,-3,-1,-1
1535252464961141,-1,2,2,5,2,2,-1,-1
1535252464961141,0,-1,2,-13,-8,-4,2,0
1535252464967157,-2,-5,-6,8,2,-4,-2,-1
1535252464967157,0,13,2,6,6,4,1,1
1535252464984202,0,5,-4,-6,2,1,-1,-1
1535252464984202,-1,-11,1,0,-5,-5,-3,-1
1535252464985205,1,11,2,-4,-2,-1,1,-1
1535252464985205,-1,-24,-3,-10,-6,-1,0,-1
1535252465006361,1,15,2,8,4,2,1,0
1535252465006361,-2,13,0,6,8,4,3,1
1535252465008273,-1,11,0,-1,1,2,-1,-1
1535252465008273,1,-1,1,2,-5,-5,-2,-1
1535252465020610,-1,21,5,-2,-7,-6,-4,-3
1535252465020610,-2,-32,-5,1,-1,0,0,0
1535252465027425,0,2,-6,-8,2,1,-2,-1
1535252465027425,-2,8,-4,0,-3,-2,0,-2
1535252465044406,-3,-16,-4,-7,5,2,1,1
1535252465044406,-2,-4,-2,7,-4,-5,-1,-2
1535252465045367,-3,-5,2,-2,-3,-2,-2,-2
1535252465045367,1,4,-2,-10,-7,-7,-5,-1
1535252465057505,1,-2,2,3,8,9,3,0
1535252465057505,0,8,6,2,0,-1,-1,0
1535252465066424,-1,-2,-1,-3,-5,-1,0,-2
1535252465066424,-1,-35,-3,-4,-6,-5,-2,-2
1535252465080556,0,9,4,10,7,2,1,0
1535252465080556,-1,7,0,-1,6,4,-1,-1
1535252465095503,1,20,3,2,-2,-2,0,1
1535252465095503,-1,35,2,-2,-5,0,-2,0
1535252465103723,2,-8,-7,4,0,-5,-2,0
1535252465103723,1,15,-3,-3,-2,-4,-4,-2
1535252465105526,2,-8,3,10,14,9,5,1
1535252465105526,0,2,9,12,8,4,2,-1
1535252465126823,-1,-22,-11,-19,-12,-6,-3,-1
1535252465126823,1,15,-1,-3,-7,-6,-6,-2
1535252465127638,0,5,3,6,-6,-7,-3,-2
1535252465127638,-2,-3,0,3,12,13,7,1
1535252465141624,1,9,5,1,1,1,0,0
1535252465141624,-3,-24,-4,4,-3,-1,0,0
1535252465147639,0,-1,-7,-8,-10,-10,-6,-1
1535252465147639,1,-2,0,7,7,4,2,-1
1535252465164683,-2,-13,0,-11,-5,-4,-2,-2
1535252465164683,2,-10,-5,4,-2,1,0,1
1535252465167195,-1,-13,-1,4,8,2,2,2
1535252465167195,-1,-4,-9,-6,-6,-6,-5,-1
1535252465185738,1,-11,-1,3,-5,-5,-2,-2
1535252465185738,1,-10,3,8,6,4,3,0
1535252465193759,0,-4,4,5,8,8,5,0
1535252465193759,1,25,-1,-13,-5,-1,-2,0
1535252465200778,1,34,-2,8,-7,-7,-4,1
1535252465200778,1,65,1,-7,-2,-3,-3,-2
1535252465207855,-5,10,-4,-7,-9,-2,0,-1
1535252465207855,1,29,1,14,7,2,2,1
1535252465238878,-2,30,5,0,0,1,0,-2
1535252465238878,-2,22,-4,-12,-11,-4,-4,-4
1535252465239881,0,31,-1,2,10,0,0,-1
1535252465239881,-1,31,-2,1,-4,-6,0,-1
1535252465245897,-1,30,6,0,-2,-2,-3,1
1535252465245897,1,18,3,11,9,6,4,2
1535252465247903,0,23,3,2,1,5,3,0
1535252465247903,1,30,-5,0,-4,-2,-4,-4
1535252465259934,-2,2,-5,-6,-4,-3,-3,-2
1535252465259934,-3,15,5,-10,-9,-2,-1,0
1535252465269961,-1,22,4,10,13,6,3,0
1535252465269961,-4,9,-1,-16,-3,-2,-2,0
1535252465283998,-3,17,-3,9,1,0,1,-1
1535252465283998,0,27,-2,-9,-9,-4,-3,0
1535252465283998,1,28,2,0,-3,-2,-2,2
1535252465283998,2,33,1,7,5,3,2,0
1535252465306057,3,13,5,-11,-5,2,1,-1
1535252465306057,0,3,1,25,14,0,1,0
1535252465306112,2,-22,-3,7,4,2,3,2
1535252465306112,-2,-15,-4,-11,-2,-3,1,1
1535252465329119,-1,-15,-8,3,0,2,1,-1
1535252465329119,1,17,12,-5,-7,-6,-4,-2
1535252465329270,1,-10,2,-7,-8,-5,-2,1
1535252465329270,-1,-23,11,6,0,3,1,1
1535252465343156,0,-3,-5,9,-3,-1,-2,-1
1535252465343156,-2,-14,-21,-29,0,1,0,-2
1535252465344159,-1,9,3,0,-2,-1,-2,-1
1535252465344159,-3,-16,-4,-12,-4,1,2,0
1535252465366218,-1,0,-4,22,3,0,-2,-1
1535252465366218,0,4,6,3,4,0,1,-1
1535252465367220,-2,-5,1,-15,-10,2,-1,-1
1535252465367220,-1,8,2,19,6,-1,-1,-2
1535252465388276,0,-6,2,-21,-4,1,0,0
1535252465388276,-1,9,1,6,3,2,1,-1
1535252465389340,-4,-14,-16,-15,-2,3,4,0
1535252465389340,0,-2,-1,6,-3,-3,-2,-1
1535252465403316,-1,1,3,-12,4,4,0,-1
1535252465403316,0,-1,3,1,-1,-1,-3,-1
1535252465404319,0,-6,-2,4,10,9,7,1
1535252465404319,0,1,3,-2,-10,-5,-5,-3
1535252465425373,-2,-18,1,5,15,6,7,3
1535252465425373,0,-17,-1,0,-4,-3,-2,-1
1535252465426427,-2,-7,1,-11,-7,-5,-7,-4
1535252465426427,0,-32,-4,30,8,-2,2,3
1535252465456457,0,4,1,-2,0,0,1,0
1535252465456457,1,2,-2,0,-1,2,1,-1
1535252465457459,1,12,4,1,-3,-5,-6,-1
1535252465457459,1,-9,-7,-17,-7,-1,-1,-1
1535252465463479,0,7,1,-12,-4,-3,-2,0
1535252465463479,-4,-3,3,3,6,4,0,0
1535252465463479,0,18,-2,3,-7,-8,-7,-1
1535252465463479,-2,3,1,-5,7,4,3,-1
1535252465485534,0,10,1,4,3,1,1,-1
1535252465485534,-1,-31,-6,-1,-6,-3,0,1
1535252465486537,-1,2,-1,1,-5,-6,-3,0
1535252465486537,0,11,-2,-7,-13,-11,-12,-3
1535252465507620,0,-3,0,7,6,-2,6,1
1535252465507620,1,15,1,2,8,6,5,-1
1535252465508595,1,11,-4,9,-2,-4,-2,-1
1535252465508595,0,5,-1,-8,0,1,1,0
1535252465522633,1,-6,-5,-2,-4,1,-2,0
1535252465522633,-2,8,-13,-35,-4,-3,-1,-1
1535252465523635,-2,-9,3,12,7,4,5,1
1535252465523635,-1,17,-11,-8,1,4,-1,-1
1535252465545742,0,1,2,-6,-1,-1,-3,0
1535252465545742,2,21,-1,4,1,3,1,0
1535252465546699,-5,10,-1,-6,-6,-3,-1,-4
1535252465546699,0,-14,-2,-6,-2,-2,2,1
1535252465567820,1,-1,4,7,4,2,2,2
1535252465567820,0,5,-1,3,-1,1,-2,-2
1535252465568756,-2,16,-3,-9,-4,2,-1,-2
1535252465568756,0,-12,3,12,3,0,1,-1
1535252465582794,-1,4,-2,-1,-4,-2,-4,-3
1535252465582794,-1,1,4,14,1,-2,-3,-1
1535252465583797,1,-1,-7,-11,-1,-2,0,-2
1535252465583797,-1,-3,5,3,8,1,1,0
1535252465605857,0,-9,-6,2,-5,-2,-1,-2
1535252465605857,-1,-11,5,5,-1,-1,-2,0
1535252465606892,-1,4,7,10,-2,1,-3,-1
1535252465606892,1,11,5,8,-6,-6,-3,-2
1535252465627966,-2,-26,-3,-11,-1,3,0,-1
1535252465627966,-1,-10,-3,-4,-2,-3,-1,2
1535252465628916,-1,2,0,1,1,-2,-1,-1
1535252465628916,-1,5,-2,-5,-2,0,-1,-3
1535252465643004,2,14,3,-3,2,-1,-2,-1
1535252465643004,0,2,0,-7,0,2,2,-1
1535252465643957,-1,-19,-1,-1,4,1,1,1
1535252465643957,-1,11,-1,5,0,0,0,-2
1535252465674088,-2,8,1,-8,-5,-2,0,-1
1535252465674088,-1,-2,-4,-1,-3,-2,-5,-4
1535252465675078,-1,-6,6,9,3,3,2,-1
1535252465675078,1,-6,2,-2,5,6,1,1
1535252465680052,0,21,0,2,-2,-3,-2,-4
1535252465680052,-1,-19,-2,3,1,3,2,0
1535252465687127,3,-7,2,1,-5,-7,-3,0
1535252465687127,-3,10,-3,-5,0,-3,-1,-3
1535252465718191,-3,-8,0,-7,-3,2,-1,0
1535252465718191,-1,-8,-1,20,9,-2,-1,0
1535252465719159,-1,-7,-1,1,-1,0,-2,1
1535252465719159,0,-12,-9,-12,-2,4,4,0
1535252465727185,-2,-5,0,7,0,-4,-2,0
1535252465727185,0,-3,-5,-7,-4,-1,-1,-1
1535252465728183,1,1,-5,-2,-1,-1,0,-2
1535252465728183,-1,-23,1,2,-2,-2,-1,1
1535252465748238,1,-29,-8,-1,-4,-3,-2,-2
1535252465748238,-1,10,4,-12,-1,1,1,0
1535252465749238,-1,13,3,18,0,-4,-3,-3
1535252465749238,1,-6,-4,-4,0,-3,-2,-2
1535252465763276,0,-17,0,3,1,1,2,2
1535252465763276,1,-14,-10,-11,0,-3,-4,1
1535252465764360,0,-32,-3,-4,-3,-2,0,3
1535252465764360,0,-3,4,3,2,0,-1,0
1535252465785334,-4,-31,-7,-11,-8,-4,-4,0
1535252465785334,-1,2,3,8,2,1,0,-2
1535252465786337,-2,-2,-3,-10,-2,-1,-1,-1
1535252465786337,-1,9,2,2,0,1,0,-2
1535252465808396,1,13,7,5,3,-2,1,-3
1535252465808396,-3,-30,-4,-5,-5,2,0,1
1535252465809398,0,0,-4,-3,-3,-3,-2,-1
1535252465809398,-3,8,1,-6,-3,0,0,1
1535252465823472,1,-5,5,4,2,-1,1,1
1535252465823472,3,12,5,2,1,1,1,0
1535252465823472,1,22,5,3,4,2,0,-2
1535252465823472,-4,-3,-5,-17,-5,-3,-3,-1
1535252465845528,-1,25,9,19,5,0,-1,0
1535252465845528,-2,5,-6,8,0,-4,-2,-2
1535252465846539,1,12,-1,2,2,2,0,0
1535252465846539,-1,-1,1,-2,0,-1,0,0
1535252465868559,-1,13,3,-2,0,1,-1,-1
1535252465868559,-1,-5,-1,-5,0,2,1,-1
1535252465868786,-1,-22,-8,-8,-2,0,0,0
1535252465868786,0,-46,-2,3,-1,-2,-2,-1
1535252465882629,-2,-9,-4,-2,0,1,1,0
1535252465882629,0,19,4,2,1,-2,-1,-3
1535252465890649,0,15,5,-6,-4,-4,-2,0
1535252465890649,0,41,0,2,-3,0,-1,-2
1535252465905689,0,-7,-5,-6,-2,0,-1,0
1535252465905689,2,18,2,-1,-2,-3,-4,-1
1535252465906656,-4,8,1,-9,1,-1,-2,-3
1535252465906656,1,1,-3,9,1,3,2,1
1535252465927752,-3,-16,-6,0,-1,-1,-3,-2
1535252465927752,-4,-6,-8,-6,-5,-4,0,0
1535252465928714,1,-3,1,-1,-1,0,-1,-1
1535252465928714,0,-1,-1,0,-1,-4,-3,0
1535252465942759,-1,4,-8,-11,-5,-5,2,1
1535252465942759,3,-2,9,18,5,6,2,-1
1535252465943755,-2,-12,-7,-11,-4,-3,-3,-1
1535252465943755,3,-2,-2,6,0,2,1,2
1535252465965817,0,-11,-5,-2,0,-1,0,0
1535252465965817,-2,3,4,0,-4,-2,-1,0
1535252465966820,0,4,-2,-8,0,-2,-1,-1
1535252465966820,0,8,2,5,1,-4,-3,-3
1535252465987907,-1,-1,5,2,-2,2,-1,0
1535252465987907,0,6,-2,1,-2,-1,-1,-2
1535252465988876,-2,-5,-3,0,-1,7,5,-2
1535252465988876,-1,-19,-4,-11,-4,-7,-2,0
1535252466002916,1,9,3,3,1,0,-1,-2
1535252466002916,-2,-33,-2,-11,-3,0,2,-1
1535252466003970,-1,12,-4,3,0,-6,-5,0
1535252466003970,-1,0,8,13,1,2,2,-1
1535252466025978,1,-3,-7,-12,1,2,0,-1
1535252466025978,3,-25,-4,-2,-2,-1,-1,2
1535252466025978,1,22,5,-3,1,1,1,1
1535252466025978,-2,-12,-10,-7,-4,0,0,-1
1535252466048038,-1,1,1,-3,-6,-3,-3,-2
1535252466048038,-1,5,3,4,9,1,0,1
1535252466049098,0,12,3,10,1,2,-2,1
1535252466049098,-5,-9,-9,-10,-5,-1,-1,-3
1535252466063205,-1,14,0,-6,-1,-2,-2,-3
1535252466063205,-1,-7,-9,-10,-7,-4,-2,2
1535252466064076,-1,-14,-5,1,-3,-2,1,-1
1535252466064076,-3,-7,-3,-3,1,-2,-2,0
1535252466085281,0,-7,-6,-4,-2,-1,-3,-1
1535252466085281,-1,-6,-5,1,-5,2,0,-2
1535252466086134,1,-5,3,-1,6,4,4,-2
1535252466086134,0,2,-1,0,2,3,1,-1
1535252466108274,0,-7,5,11,3,0,0,0
1535252466108274,-2,-9,2,0,-1,-2,-1,0
1535252466109198,-1,-35,-4,-10,-6,-3,-1,1
1535252466109198,1,27,3,-3,-1,-3,-3,-1
1535252466123270,-1,-3,-2,2,-1,-2,-2,0
1535252466123270,-2,22,5,3,2,-1,1,-2
1535252466124235,-4,-35,-9,-12,-7,-5,-4,2
1535252466124235,1,14,2,2,3,4,2,1
1535252466145333,-1,-2,0,16,3,2,1,2
1535252466145333,0,5,4,-15,-3,0,-1,-1
1535252466146297,2,-31,2,-4,0,0,0,0
1535252466146297,1,6,5,3,2,2,0,2
1535252466168353,-1,-23,-5,-13,-3,-1,-2,-2
1535252466168353,-1,-18,1,7,0,-3,-3,-2
1535252466169355,-1,-18,0,3,-1,1,-2,-2
1535252466169355,1,-14,-6,-14,-5,-4,-4,-1
1535252466183393,0,2,3,2,0,-1,0,0
1535252466183393,0,-9,1,1,2,4,-1,0
1535252466183393,-1,3,5,9,2,0,2,0
1535252466183393,0,6,10,6,0,-1,-3,-1
1535252466205458,-1,-11,-1,1,0,1,3,-1
1535252466205458,0,3,0,-1,0,-2,-1,2
1535252466206457,2,14,4,5,4,4,1,2
1535252466206457,-2,-3,-2,0,-1,0,-1,-1
1535252466227513,0,7,2,0,1,1,3,1
1535252466227513,0,4,-1,-2,-1,-2,0,-1
1535252466235532,0,35,7,3,1,-2,-3,-1
1535252466235532,-2,10,5,10,1,-1,0,0
1535252466243552,2,-6,-6,-1,-2,-1,0,1
1535252466243552,-2,-3,-10,-7,-5,0,2,0
1535252466243552,-1,13,-1,-2,0,0,-3,0
1535252466243552,1,-7,0,1,1,2,3,1
1535252466265614,-1,11,1,-1,-1,-5,-4,-2
1535252466265614,0,21,5,7,2,1,2,0
1535252466266614,-1,-2,-8,-5,-4,1,1,-2
1535252466266614,0,10,3,-3,-1,-2,-2,-1
1535252466288680,-2,13,6,4,2,0,-1,0
1535252466288680,1,12,-3,1,-2,0,1,-1
1535252466288825,-1,17,3,7,5,-1,-4,0
1535252466288825,0,-18,-6,-6,-3,1,3,0
1535252466302711,-2,8,1,3,0,-2,-3,-2
1535252466302711,-3,35,-1,1,0,-3,-2,-2
1535252466303714,0,-7,-11,-3,-3,-2,0,-1
1535252466303714,-3,-9,-5,-1,0,-1,-1,0
1535252466325869,0,10,2,0,2,1,0,0
1535252466325869,-4,-16,-5,-10,-1,1,0,0
1535252466326776,1,3,2,12,0,0,1,-2
1535252466326776,0,5,1,-3,-3,-3,-2,-3
1535252466347905,0,-5,-5,-6,-3,-2,1,0
1535252466347905,3,23,1,0,1,1,0,-1
1535252466348834,0,-6,5,1,0,-1,0,-1
1535252466348834,0,-11,-7,-6,0,0,1,1
1535252466364875,1,10,12,5,3,2,0,0
1535252466364875,-1,-18,-6,-5,-2,-2,0,1
1535252466365879,-1,-40,-4,-4,-2,-3,-2,-1
1535252466365879,1,10,-2,1,-2,-1,-2,-2
1535252466385934,-3,-22,-12,-12,-9,-5,-3,-1
1535252466385934,-1,-12,4,5,2,2,1,0
1535252466386191,1,6,-2,3,3,2,1,0
1535252466386191,-1,-5,5,2,3,1,-1,1
1535252466408025,-1,-14,2,1,-1,-2,-1,-1
1535252466408025,0,-31,-2,-4,-3,-5,-2,0
1535252466408997,0,-3,-7,-6,-3,-2,-2,0
1535252466408997,0,-21,-2,-2,-1,-4,-3,1
1535252466423139,-2,5,10,6,3,7,7,1
1535252466423139,0,22,5,6,3,-1,-3,-3
1535252466424033,0,-16,-4,-5,-3,0,0,0
1535252466424033,-1,-10,1,-1,-4,-2,-1,-2
1535252466445126,-1,-10,-2,2,0,-4,-4,-1
1535252466445126,-1,-6,-1,0,1,1,1,-1
1535252466446204,-2,1,1,-2,0,-5,-1,-3
1535252466446204,-1,-7,-1,0,-2,3,-4,-1
1535252466468152,1,3,2,4,0,0,-3,-1
1535252466468152,0,-17,-1,2,2,-1,-3,0
1535252466469153,1,34,6,2,-1,-1,0,-1
1535252466469153,-1,-13,1,-4,-1,0,2,0
1535252466483189,3,-8,-11,-3,-1,1,-1,1
1535252466483189,1,-11,2,2,-2,-3,-4,-1
1535252466484271,-4,22,2,0,1,1,-1,-1
1535252466484271,2,-17,-5,-2,-3,-4,-1,-1
1535252466505286,1,-6,0,-5,-2,-1,0,0
1535252466505286,0,0,0,-1,1,0,0,0
1535252466506255,1,16,2,3,2,-1,0,-1
1535252466506255,-1,-1,0,0,-2,-2,-1,1
1535252466528350,-1,-21,2,-3,-1,-2,1,0
1535252466528350,-3,-7,-1,1,-1,0,-1,-3
1535252466529312,1,-22,1,-1,2,2,3,2
1535252466529312,0,0,2,2,3,3,2,2
1535252466543391,4,-19,-5,-3,1,1,-1,0
1535252466543391,0,3,2,-1,0,-4,-1,1
1535252466543391,-1,-15,-1,-3,-4,-1,-2,-1
1535252466543391,-2,-13,-3,-2,-4,-3,-3,-2
1535252466565416,1,28,-1,0,3,-1,-1,0
1535252466565416,0,-7,-1,1,-1,4,1,0
1535252466566412,-1,-21,-2,-3,-1,-1,-2,-1
1535252466566412,-1,22,-5,-2,-2,-2,-2,-2
1535252466588508,-2,-4,0,0,-3,-3,-2,-2
1535252466588508,-1,-11,-8,-4,-4,-4,-3,-1
1535252466588508,-1,7,0,-2,0,-1,-1,1
1535252466588508,1,22,-1,0,-1,1,0,-1
1535252466603513,-3,-8,0,-1,1,-1,0,-2
1535252466603513,1,16,1,-1,-2,-2,-2,-1
1535252466603837,-2,-26,-7,-6,-4,-1,-1,-1
1535252466603837,-3,-5,1,-1,-3,-4,-3,-1
1535252466625705,-1,-12,0,-1,2,3,1,1
1535252466625705,0,10,2,1,0,-1,1,0
1535252466626572,1,-7,-3,1,0,1,0,1
1535252466626572,-2,-3,-5,-3,2,1,0,-1
1535252466648630,1,-13,-7,-5,-5,-1,-1,1
1535252466648630,-2,-10,-5,-4,-1,-1,0,1
1535252466648845,-2,-16,-2,-3,-3,-2,0,-2
1535252466648845,1,-6,-3,-2,-1,0,0,1
1535252466663805,-2,2,2,0,-1,-1,-2,0
1535252466663805,-1,12,7,6,3,2,0,-1
1535252466670689,1,-3,-1,1,1,-1,0,-1
1535252466670689,0,1,1,1,0,1,-1,-1
1535252466685733,-2,1,1,1,-2,1,-1,0
1535252466685733,0,-2,0,-1,-1,1,-1,0
1535252466686744,1,17,4,5,0,1,-3,-1
1535252466686744,-1,-27,-5,-4,-1,0,-1,1
1535252466707877,-2,12,1,2,0,1,-3,0
1535252466707877,1,-13,-7,-2,-3,-2,0,0
1535252466709001,0,5,-5,0,-1,0,1,-1
1535252466709001,-1,14,2,1,0,0,1,-1
1535252466722870,1,9,0,0,2,1,0,-1
1535252466722870,0,-12,-1,-2,-2,-2,-2,-1
1535252466730850,0,-3,0,-2,-2,-2,-2,0
1535252466730850,0,1,4,1,0,0,0,0
1535252466745927,0,-14,-6,-4,-2,-4,-1,-2
1535252466745927,-1,-2,-2,-1,-2,-3,-3,-2
1535252466746895,-1,-4,3,2,5,2,1,0
1535252466746895,0,-25,1,2,1,1,0,1
1535252466768992,-2,2,-1,2,0,0,-1,-1
1535252466768992,0,-5,2,0,1,-1,-2,0
1535252466769972,-2,2,2,0,-1,-1,-3,-2
1535252466769972,1,6,-2,1,1,-2,1,0
1535252466782099,0,-15,3,1,-5,-2,-1,-2
1535252466782099,-1,-4,0,-2,-2,0,0,0
1535252466791019,-1,-6,1,1,1,-2,0,-1
1535252466791019,0,-3,1,0,2,-1,-1,0
1535252466806092,0,-9,-5,-4,-2,-3,-1,-1
1535252466806092,0,16,1,3,2,0,0,-1
1535252466806092,-1,-34,-14,-9,-8,-3,-3,0
1535252466806092,0,3,-7,-4,-1,0,1,-1
1535252466828316,1,13,2,3,2,-2,0,-2
1535252466828316,-1,-3,0,-1,1,3,1,0
1535252466829111,0,16,1,1,1,-2,-2,-2
1535252466829111,-1,-8,7,4,2,4,2,0
1535252466842147,2,-23,-3,-6,-4,-1,0,1
1535252466842147,-1,-8,0,-1,-2,-2,-1,-1
1535252466858189,-2,-4,2,-1,-1,-3,-3,-1
1535252466858189,0,5,1,1,-2,-1,-2,-1
1535252466874231,0,5,-2,0,0,2,1,0
1535252466874231,-1,-3,3,5,2,-1,2,0
1535252466875265,2,-24,-1,-2,-1,-2,1,1
1535252466875265,-1,3,-2,-2,-1,-2,-3,-3
1535252466889270,-1,2,2,0,-1,0,-3,-2
1535252466889270,2,3,3,2,1,-1,-2,0
1535252466889442,-1,4,3,0,2,2,1,0
1535252466889442,-2,15,1,0,1,0,0,1
1535252466902358,-1,-29,-6,-7,-3,0,0,0
1535252466902358,0,3,2,-2,-1,-1,-1,-1
1535252466910327,-1,1,3,0,0,1,0,0
1535252466910327,-2,-7,-6,-2,-3,-4,-1,-4
1535252466925418,-1,19,5,2,0,0,0,0
1535252466925418,1,-6,-5,-3,-2,0,1,-2
1535252466926369,1,-2,-1,0,2,-1,-1,0
1535252466926369,1,-11,-1,1,-1,-1,2,0
1535252466948429,1,17,6,4,1,0,-2,-2
1535252466948429,-4,-11,-5,-5,-2,-1,-2,-1
1535252466949431,-1,5,-1,-3,-4,-1,-1,-2
1535252466949431,0,4,-1,-2,-5,-4,-2,0
1535252466962526,1,6,4,4,2,0,0,1
1535252466962526,-1,6,1,6,6,4,1,0
1535252466970536,0,1,-2,3,-1,0,0,-1
1535252466970536,-1,-3,2,-1,-2,0,-1,0
1535252466985563,-4,-18,-5,-5,-4,-2,-1,0
1535252466985563,-1,2,0,-2,-2,-3,-3,0
1535252466986529,-2,5,-1,-1,-2,-5,-3,-2
1535252466986529,0,8,1,2,2,3,-1,-2
1535252467008625,-1,-11,-5,-2,1,-2,0,-1
1535252467008625,0,-4,-1,0,-1,1,3,0
1535252467009596,1,1,-3,-2,-1,1,0,2
1535252467009596,0,-2,-1,-3,-3,-3,-3,-1
1535252467031650,-1,16,-2,1,-1,-4,-5,1
1535252467031650,0,8,0,0,-2,5,6,-2
1535252467031650,0,2,2,2,1,2,2,0
1535252467031650,1,-7,-4,-3,0,1,1,-2
1535252467045686,-1,-34,-2,-3,1,0,1,-1
1535252467045686,0,-6,-3,-3,-4,-4,-4,0
1535252467046693,-2,-31,1,-3,0,-2,-1,-1
1535252467046693,0,-6,0,2,2,-3,1,0
1535252467068749,1,13,-1,2,-3,3,0,1
1535252467068749,2,-9,1,-1,0,-3,-6,-3
1535252467069751,2,10,3,5,3,5,10,16
1535252467069751,-2,-10,-2,-3,-2,-3,-6,-18
1535252467091809,-2,-8,0,-1,-1,0,1,0
1535252467091809,2,3,-2,-4,-5,-6,-3,-1
1535252467091809,1,-3,-2,-1,-2,-1,-4,-1
1535252467091809,1,-1,2,1,0,-4,-1,4
1535252467105885,1,-16,-2,-1,0,0,0,0
1535252467105885,2,-6,-1,-1,1,4,5,1
1535252467106849,-11,-10,2,0,-2,-5,-4,-15
1535252467106849,-2,-14,-2,1,-1,2,3,2
1535252467127945,-1,11,1,0,2,1,-2,-3
1535252467127945,-2,-18,0,0,1,-2,0,1
1535252467128914,1,-8,-5,-4,-1,-1,0,0
1535252467128914,-2,-8,-2,-1,-5,-3,-3,4
1535252467159025,-1,0,0,2,3,-3,0,-1
1535252467159025,-4,-39,-6,-3,3,8,4,3
1535252467159997,0,3,0,0,-2,1,0,-1
1535252467159997,1,3,3,-1,-3,-2,-2,1
1535252467166163,-2,3,-1,-1,-3,-3,-1,-1
1535252467166163,0,1,2,1,-2,-5,-5,-1
1535252467166163,6,-4,-2,-3,-2,-3,0,-1
1535252467166163,1,-10,-1,-2,1,0,-1,4
1535252467188102,-6,-7,0,1,2,5,5,19
1535252467188102,-7,-22,-4,-1,1,1,-6,-33
1535252467189068,1,-10,-3,-1,-1,0,1,-2
1535252467189068,1,2,2,-1,-1,0,1,-2
1535252467211167,2,0,0,0,-1,-2,1,8
1535252467211167,5,15,2,0,0,-1,3,29
1535252467212133,-7,-3,0,0,0,-1,-11,-32
1535252467212133,-1,-3,-2,0,0,-1,-1,-1
1535252467226172,-2,-16,-1,-3,-2,0,-2,-7
1535252467226172,-4,-5,-1,-2,-3,-2,1,-2
1535252467226302,4,3,-3,-4,-5,-5,3,4
1535252467226302,-1,-16,1,3,5,0,-1,-3
1535252467248226,14,-8,-2,-1,4,5,0,-45
1535252467248226,-27,-4,0,0,-2,-4,-1,-4
1535252467249229,2,6,1,0,-1,-1,3,20
1535252467249229,-16,-9,-1,-3,-1,-1,-7,-29
1535252467271324,2,-6,1,1,-1,2,11,43
1535252467271324,15,9,1,2,-1,-6,-7,-35
1535252467272289,-5,-11,1,1,1,10,6,-2
1535252467272289,0,-21,-1,-2,-1,0,0,4
1535252467285325,-3,-11,-1,-4,-3,-7,-15,-8
1535252467285325,0,7,-3,-3,-5,-5,-5,13
1535252467286329,-4,8,5,3,4,5,11,-16
1535252467286329,17,14,-4,-1,-3,3,2,0
1535252467308485,-17,7,-3,-3,6,0,-3,-3
1535252467308485,17,-21,0,0,1,1,-1,-9
1535252467309390,-28,-8,-2,0,-1,-5,-1,35
1535252467309390,-4,101,8,-1,-2,-1,-3,-31
1535252467331449,9,52,-10,-2,-7,-7,-9,-12
1535252467331449,-3,-36,-6,-3,-5,-5,-9,4
1535252467332449,8,-3,3,-1,1,8,5,22
1535252467332449,0,16,-5,9,9,7,20,30
1535252467345605,0,4,11,2,2,6,5,18
1535252467345605,17,-15,8,5,3,-4,-6,1
1535252467346496,-10,-10,-30,-8,-6,-6,-2,-27
1535252467346496,24,8,2,-5,-7,-7,-11,44
1535252467368599,-5,100,3,2,3,1,5,-9
1535252467368599,3,127,4,-4,0,4,1,20
1535252467369554,4,24,3,0,-2,-9,-12,-22
1535252467369554,14,-93,-9,-5,0,-3,-4,12
1535252467391663,-1,-92,1,0,-2,3,17,21
1535252467391663,9,-89,-8,-4,-2,7,9,16
1535252467392614,29,-77,12,-3,-5,-6,-11,-8
1535252467392614,-11,-114,-2,-1,-1,-2,-8,-10
1535252467413805,-16,-77,4,0,-3,-4,-4,-34
1535252467413805,-30,-54,3,0,0,4,3,-29
1535252467414789,7,-19,-5,-6,-7,-7,-6,0
1535252467414789,-8,7,-70,-14,-6,-1,-2,-20
1535252467428729,-5,31,46,10,4,4,12,19
1535252467428729,8,33,16,4,3,0,5,25
1535252467428729,-6,39,18,7,1,2,-13,-4
1535252467428729,-31,9,-34,-2,6,6,5,-44
1535252467451772,2,-51,-17,-7,-9,-8,-9,1
1535252467451772,-2,-16,18,2,-1,-2,-1,11
1535252467451772,-1,15,17,7,5,0,4,2
1535252467451772,0,31,36,4,-2,-1,0,8
1535252467465807,4,2,-80,-13,1,1,0,-3
1535252467465807,1,33,78,5,-6,-4,-9,-45
1535252467466812,-2,60,-7,3,2,4,10,-2
1535252467466812,2,14,59,-2,-4,0,-1,32
1535252467487878,3,30,-31,3,-3,-6,-8,-4
1535252467487878,-7,-2,-104,-31,-14,-16,-24,-4
1535252467489038,-10,1,95,17,7,4,8,7
1535252467489038,-2,7,-35,14,13,8,6,-5
1535252467510927,17,31,57,13,7,6,6,1
1535252467510927,-15,-27,-38,-34,-16,-9,-3,-1
1535252467512058,7,1,-4,-9,-1,-11,-19,3
1535252467512058,0,7,92,13,-4,3,16,12
1535252467526967,-8,-3,-17,0,-4,-7,-8,-11
1535252467526967,6,11,1,14,4,7,17,10
1535252467532985,-1,2,-43,-13,4,0,-3,2
1535252467532985,1,2,7,2,2,-2,-1,3
1535252467548225,-2,-12,-15,-14,-11,-6,-13,-7
1535252467548225,-4,-14,-17,-2,5,14,26,9
1535252467549028,3,-1,-11,2,1,4,6,4
1535252467549028,1,7,-82,-22,-6,-5,-14,-7
1535252467571085,-5,-15,83,-1,4,-1,-1,-6
1535252467571085,3,6,-70,7,-7,-4,-7,1
1535252467572183,-2,2,96,51,19,6,-1,4
1535252467572183,-6,-33,-39,-28,-11,-6,-4,-8
1535252467586129,2,10,24,1,-3,-5,-1,3
1535252467586129,0,13,23,-6,8,8,6,6
1535252467586129,-1,-15,-75,-13,-11,-10,-18,-8
1535252467586129,-5,-9,-29,15,10,2,2,1
1535252467608184,-1,11,-24,0,2,5,-1,-2
1535252467608184,0,5,36,16,10,5,-5,-1
1535252467609289,6,-23,-21,-23,-7,0,1,1
1535252467609289,-2,10,60,14,-3,-6,-4,-1
1535252467631249,2,2,-38,-2,2,-1,-4,-1
1535252467631249,3,3,13,11,3,-5,-3,2
1535252467632249,-6,8,-92,-22,-1,7,14,6
1535252467632249,3,16,26,8,1,3,4,3
1535252467645290,2,18,53,-11,-2,0,-1,1
1535252467645290,-6,17,-33,10,-6,-5,1,-3
1535252467653481,-1,29,-71,-9,4,1,0,5
1535252467653481,-9,-18,104,11,3,2,-6,-5
1535252467668345,1,8,-36,18,7,0,-3,-3
1535252467668345,0,-17,60,-25,-6,-1,3,1
1535252467669348,3,-1,54,16,-2,-4,-3,-1
1535252467669348,5,-27,-77,-17,-2,-4,-1,0
1535252467691409,1,-22,21,9,6,13,12,4
1535252467691409,2,-14,7,15,7,1,-5,-2
1535252467692411,-11,-6,-48,-20,-7,-3,5,2
1535252467692411,4,31,28,-1,0,1,2,0
1535252467705486,3,-8,-41,-20,-8,-5,-4,-1
1535252467705486,0,7,31,11,-2,-4,0,2
1535252467713565,0,-38,23,-5,-5,-5,2,4
1535252467713565,2,-15,-42,2,2,3,-1,-8
1535252467728613,17,27,-23,6,0,-2,2,4
1535252467728613,-3,38,16,-17,-3,-1,-2,1
1535252467728613,0,1,23,-5,-12,-5,-5,-7
1535252467728613,3,-33,-86,-27,-2,-1,0,2
1535252467751668,-8,-4,64,9,-2,-6,-3,-2
1535252467751668,7,5,-77,-7,10,6,4,3
1535252467752570,-1,-1,57,20,-6,-5,-7,-2
1535252467752570,3,14,17,-8,-8,-4,-4,1
1535252467764624,-15,10,-4,-8,-1,-3,-7,-5
1535252467764624,1,-21,-15,5,-1,0,-1,-3
1535252467773668,2,17,16,36,10,6,4,4
1535252467773668,-4,-13,-33,-30,-3,1,-3,-1
1535252467788769,14,-72,-15,11,-2,-4,-2,9
1535252467788769,-7,67,-45,-42,-8,-6,-5,-4
1535252467789673,6,34,17,25,4,3,3,-2
1535252467789673,0,-12,60,14,-1,-2,-2,2
1535252467811790,-17,-35,96,21,0,-2,-1,-9
1535252467811790,-8,-11,8,-23,-4,-2,-1,0
1535252467811790,0,-16,-7,-19,-2,-8,-4,-4
1535252467811790,4,34,2,18,7,3,5,4
1535252467824871,5,12,-19,-5,-2,4,7,4
1535252467824871,3,-20,27,40,12,2,1,0
1535252467832789,-10,-5,-41,-54,-7,-5,-5,-4
1535252467832789,-2,2,48,5,-3,-6,-1,-1
1535252467847826,1,37,-54,10,-1,0,2,0
1535252467847826,-5,-33,12,-3,0,-1,0,-2
1535252467848825,4,5,3,7,-2,2,3,14
1535252467848825,-2,3,-34,-3,0,0,-3,4
1535252467870889,-5,15,-26,-9,1,4,0,4
1535252467870889,3,0,18,3,-2,-1,0,-3
1535252467872195,5,-23,-6,1,0,0,0,4
1535252467872195,25,28,2,-4,1,2,2,2
1535252467884921,-35,25,9,11,2,-2,-2,-9
1535252467884921,-2,-13,-14,-11,-6,-5,0,1
1535252467892945,-10,-14,1,4,3,6,3,-2
1535252467892945,-4,5,15,-28,-10,-3,-1,-1
1535252467907989,16,-3,-7,17,9,6,0,2
1535252467907989,8,-18,0,12,4,-2,-3,2
1535252467908996,5,10,21,14,5,4,-1,-5
1535252467908996,-11,17,-4,8,2,-1,-2,-4
1535252467931149,3,6,-27,-21,-6,-2,0,1
1535252467931149,0,-11,-25,2,0,1,-1,-1
1535252467932070,3,3,20,5,5,-1,-3,-3
1535252467932070,-1,-28,-4,13,-2,-1,-3,-4
1535252467945187,3,17,3,-1,0,-1,-2,1
1535252467945187,1,15,8,-5,-9,-4,-2,3
1535252467953212,-1,-2,-12,-10,-3,-3,-1,-5
1535252467953212,-1,-5,-9,11,-2,0,2,2
1535252467968243,3,-8,-6,-3,-1,1,-1,0
1535252467968243,-9,-24,-1,-5,1,3,1,-3
1535252467969146,-5,22,-3,4,0,2,-1,0
1535252467969146,-13,-7,13,9,2,0,-1,-2
1535252467991213,12,-30,2,-10,-5,-4,-4,-1
1535252467991213,3,-4,4,15,-2,-2,0,1
1535252467992238,-2,12,-22,-10,2,2,5,4
1535252467992238,1,-9,23,14,-3,-5,-2,-5
1535252468014316,-2,3,28,-6,-3,-2,-3,-1
1535252468014316,3,8,-12,0,3,1,1,6
1535252468015271,-1,-8,-19,-8,-2,-1,-1,-7
1535252468015271,-2,-12,-10,-15,-4,-1,0,-3
1535252468028418,-1,-16,0,0,1,2,1,-4
1535252468028418,-3,-2,7,1,0,-2,-2,-1
1535252468029307,5,-3,-8,0,-2,0,-1,0
1535252468029307,-1,8,12,6,3,1,0,1
1535252468051375,-2,-30,-28,-7,-1,-3,-4,-4
1535252468051375,10,-4,-25,16,5,1,2,1
1535252468052374,3,-28,9,-12,-6,-7,-7,-9
1535252468052374,2,-9,-46,-10,1,0,2,2
1535252468073423,-7,16,18,-1,-5,-5,-2,-4
1535252468073423,3,-1,10,10,1,4,3,0
1535252468074426,1,-22,-1,-2,1,-2,0,1
1535252468074426,0,-1,-1,-19,-5,-1,-3,-2
1535252468094476,-1,9,-13,10,1,2,3,3
1535252468094476,-4,-4,-10,-12,-3,0,-1,-3
1535252468094476,-3,8,40,23,5,-1,-6,-2
1535252468094476,3,16,56,24,5,2,4,3
1535252468111525,-5,6,0,-20,-3,0,2,-2
1535252468111525,-4,7,9,-1,0,0,-2,-2
1535252468112526,-1,15,-9,3,2,1,-1,1
1535252468112526,0,4,16,5,1,-2,-2,-2
1535252468133582,2,-10,-9,-1,-3,-1,-2,0
1535252468133582,-3,-7,-1,1,1,-1,1,-4
1535252468134586,-3,-5,9,-3,-1,-1,1,2
1535252468134586,-4,-10,-32,-4,-2,-2,-3,-1
1535252468148624,-5,27,-1,-4,3,3,2,2
1535252468148624,-6,21,27,7,0,1,2,-2
1535252468148624,-4,-3,8,-6,-1,-1,0,-6
1535252468148624,-1,1,-6,10,1,0,1,5
1535252468171732,3,0,-20,-9,0,0,0,-14
1535252468171732,0,-2,16,0,-1,0,-2,7
1535252468172686,0,0,-39,-14,-1,1,3,3
1535252468172686,-1,15,36,5,1,0,1,-2
1535252468193853,-2,-12,4,18,0,-2,-1,1
1535252468193853,1,-5,-10,-14,-1,-3,-3,-4
1535252468194749,-7,19,31,11,2,1,1,-1
1535252468194749,0,-12,-36,-12,-1,-2,-1,1
1535252468207886,-3,-11,-10,0,1,-3,-1,2
1535252468207886,-2,16,37,7,0,-1,-1,-2
1535252468208788,11,-1,-30,-11,-2,-1,1,6
1535252468208788,-7,-10,-8,2,-4,-8,-7,-16
1535252468231849,-7,-20,13,-6,-5,-2,-6,-6
1535252468231849,-9,-9,-15,-1,4,4,4,-7
1535252468231849,12,-7,-13,-7,-5,2,15,-10
1535252468231849,3,10,0,2,0,-2,-4,2
1535252468253903,2,-1,-22,-4,0,-2,-4,-13
1535252468253903,-8,-37,29,-1,-2,-1,3,11
1535252468254909,19,15,2,-1,0,-1,-2,19
1535252468254909,-8,1,-12,24,2,-1,-3,-14
1535252468268030,2,-26,-16,-35,-7,-1,3,14
1535252468268030,5,18,20,18,4,1,-4,-1
1535252468275960,-24,8,9,-18,-8,-2,-2,-7
1535252468275960,16,11,-77,11,3,3,2,6
1535252468291000,-23,-19,100,17,-4,-4,-3,-10
1535252468291000,21,11,-26,2,1,0,1,-20
1535252468293006,-12,-18,-19,-9,3,-1,0,16
1535252468293006,-17,36,21,-13,-5,-2,-1,-17
1535252468314059,-6,20,-21,5,4,2,0,10
1535252468314059,1,-1,-30,-16,-6,-4,-2,8
1535252468315317,14,4,22,24,6,3,-2,-10
1535252468315317,6,24,-1,-9,1,3,5,16
1535252468327094,1,-22,-22,-7,3,1,2,9
1535252468327094,8,16,23,6,-6,-5,-6,-10
1535252468336119,-22,-32,-34,-30,-13,-4,-3,-4
1535252468336119,-3,-23,29,20,11,2,1,7
1535252468351158,0,41,4,5,3,1,0,-5
1535252468351158,-5,1,-2,9,5,-1,-2,2
1535252468353164,9,12,11,7,1,0,-1,3
1535252468353164,1,-23,6,-26,-9,-2,-2,4
1535252468374219,9,22,3,-7,-2,1,1,-3
1535252468374219,-7,-29,-12,23,-1,1,-1,2
1535252468375222,5,5,-4,-11,-1,-1,0,1
1535252468375222,6,-4,12,-2,5,-2,-2,-3
1535252468387260,-8,-26,-26,-2,-4,2,4,-1
1535252468387260,-12,22,-13,4,2,0,0,5
1535252468396281,-14,-4,4,-4,3,0,-3,-7
1535252468396281,-1,-5,-15,-4,-3,0,2,0
1535252468411397,14,12,-10,17,8,0,1,5
1535252468411397,7,-70,-11,-10,-5,-5,-3,-2
1535252468413354,-2,39,-10,12,-1,-2,0,-5
1535252468413354,11,14,47,1,0,1,2,5
1535252468433380,2,11,-24,1,0,-1,-2,-9
1535252468433380,-2,-18,7,-12,-3,0,-1,-2
1535252468435389,3,-21,-22,7,6,1,0,1
1535252468435389,-4,4,0,-9,-12,-5,-3,-2
1535252468447762,1,13,10,-11,1,0,2,0
1535252468447762,-3,18,-7,11,4,0,2,2
1535252468456445,3,-1,-5,4,3,2,-1,-2
1535252468456445,-1,-5,8,-10,-6,-2,1,3
1535252468471511,8,15,-10,0,-1,-1,1,4
1535252468471511,-21,12,19,1,2,2,6,6
1535252468472483,-1,8,5,5,-3,-3,-4,-5
1535252468472483,-1,-8,-4,6,5,1,1,-2
1535252468501589,6,2,-4,-2,-2,-1,-2,3
1535252468501589,8,2,-9,-8,1,1,0,0
1535252468502563,0,1,15,7,-1,-2,0,1
1535252468502563,-9,-1,4,-1,-1,1,1,3
1535252468507611,0,14,23,5,-1,-3,-5,-3
1535252468507611,4,-7,-34,-17,-4,0,0,2
1535252468516601,-5,-7,55,18,2,-1,-3,-5
1535252468516601,1,16,-47,4,0,-2,-3,-2
1535252468531639,-6,-19,36,-6,-4,-3,-2,1
1535252468531639,-3,12,25,13,0,-3,-1,-3
1535252468533155,6,-7,-54,-23,-6,-3,-3,1
1535252468533155,1,-22,26,-4,-3,-1,1,-5
1535252468553697,-3,-11,-1,4,1,0,-2,4
1535252468553697,0,0,-10,-9,0,-1,-3,1
1535252468555765,0,0,21,7,1,1,2,1
1535252468555765,2,14,-18,1,4,2,1,-1
1535252468567805,-1,7,-9,-2,-4,-1,0,-3
1535252468567805,-2,0,9,-6,-2,0,-1,0
1535252468576764,1,-11,-8,5,-2,-2,-1,2
1535252468576764,-7,-57,-52,-54,-6,-1,-2,-2
1535252468591836,-12,3,-7,33,8,1,-1,-1
1535252468591836,4,6,62,-5,-5,-1,-3,-3
1535252468592808,-9,-12,-1,10,2,-1,-2,-1
1535252468592808,-3,9,1,10,2,0,0,1
1535252468613961,0,6,-14,-11,-2,2,-1,-2
1535252468613961,0,0,-3,-1,0,-2,-4,-5
1535252468615869,2,5,-36,-8,-1,1,0,3
1535252468615869,2,3,38,2,-5,-1,-2,-3
1535252468627897,0,-22,5,1,-4,-4,0,0
1535252468627897,3,11,-27,1,-1,-2,1,0
1535252468636921,1,-14,1,-8,-1,0,1,0
1535252468636921,-4,17,-15,-1,0,-1,-2,2
1535252468650958,-2,-10,46,4,-4,-1,-1,-5
1535252468650958,0,-10,4,-6,-3,-3,0,0
1535252468652964,-2,-17,-26,3,1,1,0,1
1535252468652964,2,-5,14,7,0,-1,-1,-1
1535252468674025,4,-2,-11,-8,1,-1,-1,0
1535252468674025,7,-21,0,-2,-2,-2,-2,-9
1535252468675028,-1,30,-8,0,-1,0,-1,6
1535252468675028,6,39,77,19,4,1,0,4
1535252468688057,-2,-30,-43,-21,-5,-6,-1,-2
1535252468688057,-7,-30,-9,-4,-4,-2,-3,-6
1535252468696080,1,34,19,-3,-6,-2,-1,-3
1535252468696080,-1,2,-11,37,12,3,0,3
1535252468711119,-1,-5,16,-7,1,-1,-1,0
1535252468711119,0,-2,-21,-3,0,1,1,4
1535252468713125,2,-18,22,-12,-4,-2,-1,-4
1535252468713125,-6,1,-14,-3,-4,0,0,0
1535252468734181,-3,7,18,8,1,-3,-1,-2
1535252468734181,-5,19,-8,-1,-1,1,2,1
1535252468735184,-5,-17,13,4,-1,-1,0,-2
1535252468735184,4,26,-7,-4,-1,-1,-1,-1
1535252468747348,0,-1,-15,-4,-2,0,0,-1
1535252468747348,-2,11,14,-9,3,1,1,1
1535252468756239,0,-6,-5,2,-4,-2,1,1
1535252468756239,4,-26,-46,15,4,0,-4,-4
1535252468770342,-5,9,-25,-22,-2,0,-3,-1
1535252468770342,3,21,11,8,3,4,1,4
1535252468779305,0,-4,28,1,1,-1,1,-1
1535252468779305,-1,-15,-18,-20,-4,-4,-1,0
1535252468793372,-1,5,-9,17,-3,0,0,-3
1535252468793372,1,-3,-16,-11,-1,0,-1,0
1535252468795342,-2,-11,5,3,2,-2,-2,-2
1535252468795342,-3,-8,-1,-10,-1,-3,0,-4
1535252468816400,-1,14,-16,-4,0,0,0,9
1535252468816400,-6,5,14,-1,-2,-3,-1,0
1535252468817407,3,-4,14,23,1,-1,-1,1
1535252468817407,-2,-16,19,-7,-4,-4,-1,-1
1535252468831537,3,5,-8,-2,1,0,3,-1
1535252468831537,-8,23,53,14,-1,0,-3,6
1535252468832443,-9,26,-14,-10,1,2,-1,-5
1535252468832443,-6,-13,-52,-15,-5,-2,-1,-2
1535252468854536,-4,-18,41,7,-2,-4,-1,-1
1535252468854536,4,4,-13,-7,1,1,0,-1
1535252468855634,5,-25,1,7,4,0,1,0
1535252468855634,-10,-6,3,-7,-1,-1,0,-1
1535252468867537,0,0,-9,-4,-2,1,0,-2
1535252468867537,-3,-74,-34,-10,-1,-4,-4,-6
1535252468876562,11,30,-17,-10,-3,-2,-3,4
1535252468876562,5,12,-3,5,0,1,-1,-1
1535252468891598,-7,-12,9,-2,0,1,-1,-2
1535252468891598,-6,9,-7,7,-1,-1,0,0
1535252468892606,-7,18,-29,-8,1,3,1,3
1535252468892606,1,18,29,13,-1,-2,-3,-1
1535252468913704,5,-4,-6,-6,0,-2,-2,-3
1535252468913704,4,18,41,18,0,-1,0,-1
1535252468915664,-7,-12,-13,-7,-1,-3,-2,-4
1535252468915664,-2,-17,-59,-17,0,1,2,-3
1535252468936718,2,33,1,1,1,2,3,6
1535252468936718,4,4,-18,5,6,-1,-7,3
1535252468937987,0,-4,1,-4,0,-1,2,1
1535252468937987,-1,-10,23,4,1,-1,2,0
1535252468951758,3,-11,-34,-6,-1,-1,-2,-3
1535252468951758,0,7,11,-1,-2,-1,1,-1
1535252468952761,-3,22,23,2,-1,1,1,3
1535252468952761,-2,13,-7,-2,1,2,0,2
1535252468973821,3,-12,27,11,0,-1,0,1
1535252468973821,2,16,-19,-13,-3,-1,1,2
1535252468975848,-2,-10,11,5,0,-3,-3,-4
1535252468975848,0,26,21,4,-2,-2,-2,0
1535252468996879,5,-34,-3,-1,0,1,-3,-3
1535252468996879,2,6,-25,-3,-3,-3,0,-3
1535252468997883,2,-10,3,1,3,0,0,-3
1535252468997883,-4,-35,-7,-1,1,0,-2,-1
1535252469010954,-7,2,-18,-3,0,2,2,0
1535252469010954,-6,-23,28,8,0,-1,-1,-3
1535252469017934,-1,0,-2,4,0,-1,-2,-5
1535252469017934,4,10,18,0,0,-2,-2,0
1535252469033981,-4,2,-6,0,1,-1,-2,8
1535252469033981,2,-12,-35,-8,-3,-1,-4,-3
1535252469034982,1,12,-7,-7,-3,-3,0,-4
1535252469034982,2,-35,16,5,0,1,-6,3
1535252469056423,7,17,-4,1,0,-2,4,17
1535252469056423,2,14,2,-1,-3,-2,-3,-25
1535252469058043,-5,9,17,1,1,-3,-4,-1
1535252469058043,-3,17,-17,-3,-3,1,-1,-17
1535252469071080,10,12,13,1,-1,4,11,6
1535252469071080,-10,-10,-5,0,2,1,1,-4
1535252469077299,3,5,13,-1,-3,-2,-1,-5
1535252469077299,3,-32,-23,-7,1,-2,0,3
1535252469094230,-4,35,-6,-13,-3,0,-2,0
1535252469094230,0,1,39,18,2,-3,0,2
1535252469100156,-4,-9,11,-9,-6,-3,-2,-1
1535252469100156,2,11,11,3,-1,-4,-2,6
1535252469116195,3,-21,-39,-15,1,0,-1,-8
1535252469116195,-4,5,24,7,-5,-5,-1,5
1535252469118200,3,-18,-32,-16,-1,2,1,2
1535252469118200,-5,11,16,9,0,3,4,5
1535252469130232,-3,-4,-2,1,-2,-4,-7,-9
1535252469130232,8,5,-23,-1,4,2,1,4
1535252469137339,3,-1,7,5,-1,-1,1,4
1535252469137339,-6,6,1,-3,-2,0,0,-3
1535252469153319,-1,26,10,5,0,-1,0,-3
1535252469153319,0,1,-17,-10,0,2,2,4
1535252469155298,1,-4,-27,-8,-1,2,1,1
1535252469155298,-3,8,43,12,-1,-2,-2,-2
1535252469176431,1,-8,-13,-2,0,-1,-4,-3
1535252469176431,-9,27,24,7,1,1,2,4
1535252469178391,-6,-16,-29,1,2,0,0,-1
1535252469178391,5,-5,-31,-22,-4,-1,0,0
1535252469190396,-2,-1,15,14,3,-1,-2,-5
1535252469190396,0,-10,-20,-8,-2,-3,-1,1
