timestamp,x,y,z,w
1535253287318113,0.285217,-0.0291138,0.496094,0.819519
1535253287341227,0.284973,-0.0279541,0.496155,0.81958
1535253287363267,0.284546,-0.0255127,0.496155,0.819824
1535253287378288,0.283691,-0.0231323,0.496948,0.819702
1535253287401835,0.279419,-0.0213623,0.499146,0.819885
1535253287423393,0.275208,-0.0198364,0.502258,0.819458
1535253287446956,0.271973,-0.0180664,0.505493,0.818604
1535253287492098,0.268494,-0.0167847,0.508179,0.818115
1535253287499095,0.264954,-0.0151978,0.510986,0.817566
1535253287511127,0.26123,-0.0136719,0.513672,0.817078
1535253287522165,0.255798,-0.0130615,0.516846,0.816772
1535253287547245,0.247925,-0.0137939,0.520264,0.817078
1535253287574818,0.239746,-0.0151978,0.523621,0.817322
1535253287626456,0.232361,-0.0169678,0.527588,0.816895
1535253287627458,0.226135,-0.0186157,0.532166,0.815613
1535253287635480,0.220398,-0.0201416,0.537048,0.813904
1535253287643500,0.214355,-0.0222168,0.542847,0.811646
1535253287663053,0.209717,-0.0233154,0.549988,0.808044
1535253287685613,0.207397,-0.0227051,0.557922,0.803162
1535253287703661,0.207947,-0.0210571,0.56604,0.797363
1535253287723213,0.210266,-0.0197754,0.573425,0.791504
1535253287745272,0.212952,-0.0187378,0.580933,0.785339
1535253287763334,0.214783,-0.0185547,0.588867,0.778931
1535253287782872,0.21698,-0.0186157,0.596069,0.772766
1535253287805431,0.221313,-0.019165,0.602722,0.766357
1535253287823479,0.226624,-0.0194092,0.609009,0.759766
1535253287843032,0.22998,-0.0194092,0.614746,0.75415
1535253287865592,0.23291,-0.0192871,0.618958,0.749756
1535253287883641,0.238586,-0.0175781,0.623901,0.743896
1535253287903192,0.240051,-0.017334,0.627563,0.740356
1535253287925752,0.238953,-0.017334,0.629272,0.739258
1535253287943299,0.237122,-0.0171509,0.63031,0.739014
1535253287963095,0.233643,-0.0192871,0.630066,0.740234
1535253287985410,0.227051,-0.020813,0.628296,0.743713
1535253288003459,0.227295,-0.0192261,0.628418,0.743591
1535253288023010,0.223816,-0.0203857,0.628296,0.744751
1535253288045571,0.216675,-0.0228271,0.628906,0.746277
1535253288063618,0.210632,-0.0252075,0.62915,0.747742
1535253288084690,0.206299,-0.0275269,0.629272,0.748718
1535253288105735,0.2005,-0.0310059,0.629944,0.749634
1535253288123680,0.195862,-0.0338135,0.630859,0.749939
1535253288144333,0.193726,-0.0349121,0.631592,0.749817
1535253288165434,0.190613,-0.0361938,0.632385,0.749939
1535253288183437,0.18689,-0.0372314,0.63324,0.750061
1535253288204495,0.182678,-0.0380859,0.634155,0.750244
1535253288225610,0.177063,-0.0390625,0.635193,0.750732
1535253288243597,0.173218,-0.0385132,0.636353,0.75061
1535253288264654,0.166077,-0.0409546,0.637451,0.75116
1535253288285709,0.153503,-0.0476074,0.637268,0.753662
1535253288303294,0.152954,-0.0493164,0.637634,0.753357
1535253288324316,0.154785,-0.0518799,0.638245,0.752258
1535253288345368,0.153137,-0.0543213,0.63855,0.752197
1535253288363417,0.153992,-0.0550537,0.63916,0.751404
1535253288384472,0.152588,-0.057251,0.640381,0.750549
1535253288405532,0.148315,-0.0603027,0.642212,0.749573
1535253288423605,0.143494,-0.0645142,0.644104,0.748535
1535253288444696,0.140869,-0.0664063,0.645203,0.747864
1535253288465688,0.139343,-0.0679932,0.646118,0.747253
1535253288483235,0.136658,-0.0704346,0.647339,0.74646
1535253288510307,0.134399,-0.0714722,0.647644,0.746521
1535253288527122,0.133301,-0.0720825,0.648071,0.746277
1535253288543395,0.131775,-0.072937,0.649353,0.745361
1535253288564986,0.130615,-0.0718994,0.649963,0.745117
1535253288586363,0.131226,-0.069397,0.651367,0.744019
1535253288610072,0.131775,-0.06604,0.652893,0.74292
1535253288631128,0.133057,-0.0610352,0.655762,0.740601
1535253288647694,0.125183,-0.0617676,0.656921,0.740845
1535253288670380,0.118225,-0.0697632,0.659729,0.73877
1535253288691369,0.109802,-0.0776367,0.661133,0.738037
1535253288707909,0.110291,-0.0812988,0.661682,0.737122
1535253288730195,0.114685,-0.081665,0.660706,0.737305
1535253288744652,0.114868,-0.0846558,0.660278,0.737244
1535253288767512,0.109619,-0.0932007,0.658569,0.738586
1535253288790074,0.101868,-0.10199,0.657349,0.739624
1535253288811130,0.0996094,-0.106506,0.656738,0.739868
1535253288827672,0.10437,-0.108337,0.655945,0.739624
1535253288848729,0.108765,-0.109253,0.656616,0.73822
1535253288864276,0.0986938,-0.111511,0.658569,0.73761
1535253288887832,0.0905151,-0.112305,0.657837,0.739197
1535253288909892,0.0870361,-0.106995,0.661133,0.737427
1535253288931458,0.0961914,-0.101746,0.66217,0.736145
1535253288947491,0.101196,-0.0982666,0.663147,0.734985
1535253288970052,0.101196,-0.09729,0.663208,0.735107
1535253288991440,0.101257,-0.0966797,0.663574,0.734863
1535253289007652,0.0983887,-0.0959473,0.663452,0.735413
1535253289030212,0.0960693,-0.0952148,0.663757,0.735596
1535253289044249,0.0952148,-0.095459,0.663574,0.735779
1535253289067814,0.0944824,-0.0964966,0.663391,0.735901
1535253289090374,0.0944824,-0.0975342,0.663269,0.735901
1535253289104409,0.0936279,-0.0983276,0.663025,0.736084
1535253289128473,0.0924683,-0.098877,0.663147,0.736084
1535253289150363,0.0916748,-0.0991821,0.663208,0.736084
1535253289171087,0.0911255,-0.0990601,0.66333,0.736084
1535253289187631,0.0910645,-0.0985107,0.663391,0.736084
1535253289210191,0.090271,-0.0980835,0.663391,0.736267
1535253289231246,0.09021,-0.0971069,0.663391,0.736389
1535253289247790,0.090332,-0.0964966,0.663269,0.736572
1535253289270351,0.0887451,-0.0971069,0.663025,0.736877
1535253289298926,0.0872192,-0.0977173,0.663025,0.736938
1535253289307450,0.0864868,-0.0982056,0.663025,0.737061
1535253289337529,0.0849609,-0.0986328,0.663025,0.737122
1535253289352570,0.0835571,-0.0986938,0.663025,0.737305
1535253289367610,0.0830688,-0.0986328,0.663147,0.737244
1535253289390672,0.0824585,-0.0985718,0.66333,0.737122
1535253289412729,0.0812988,-0.0986938,0.663391,0.737183
1535253289427770,0.0807495,-0.0980835,0.663513,0.737244
1535253289450403,0.0814209,-0.0965576,0.663696,0.737183
1535253289472545,0.0817871,-0.0957031,0.664001,0.737
1535253289487005,0.0812988,-0.0950317,0.664063,0.737061
1535253289510056,0.0812988,-0.0938721,0.664185,0.737122
1535253289531231,0.0819092,-0.0927734,0.664185,0.737183
1535253289547657,0.0812988,-0.0927124,0.664001,0.737488
1535253289570394,0.0812378,-0.0926514,0.664001,0.737488
1535253289591274,0.0817871,-0.0923462,0.664063,0.737366
1535253289607880,0.081604,-0.0924683,0.664185,0.737244
1535253289630407,0.0817871,-0.0930176,0.66449,0.736877
1535253289658956,0.0822754,-0.0930176,0.664734,0.736633
1535253289667478,0.081665,-0.0934448,0.664917,0.736511
1535253289690040,0.081604,-0.0933838,0.664917,0.736511
1535253289711595,0.0817261,-0.0932617,0.664917,0.736511
1535253289727638,0.0814819,-0.0934448,0.664856,0.736572
1535253289750200,0.0799561,-0.0951538,0.664673,0.736633
1535253289771253,0.0778809,-0.0973511,0.664673,0.736633
1535253289787822,0.0764771,-0.0993042,0.664612,0.736511
1535253289810357,0.0756226,-0.100403,0.664612,0.736511
1535253289832414,0.0755005,-0.100525,0.664612,0.73645
1535253289855014,0.0758667,-0.0998535,0.664673,0.736511
1535253289870014,0.0769653,-0.0984497,0.664856,0.736389
1535253289892574,0.0779419,-0.0971069,0.664978,0.736389
1535253289907639,0.0786743,-0.0959473,0.665039,0.736328
1535253289930174,0.0786743,-0.0958862,0.665039,0.736389
1535253289953273,0.0785522,-0.0961304,0.664795,0.736572
1535253289966891,0.0782471,-0.0965576,0.664429,0.736877
1535253289990334,0.078186,-0.0966187,0.664185,0.737122
1535253290012894,0.0783691,-0.0964966,0.664001,0.737244
1535253290026932,0.0785522,-0.0963745,0.663879,0.737366
1535253290050010,0.0793457,-0.0957642,0.664063,0.737183
1535253290072552,0.0802002,-0.0950928,0.664246,0.737
1535253290087092,0.0808105,-0.0943604,0.664307,0.737
1535253290110153,0.0820313,-0.0932007,0.664368,0.736938
1535253290132715,0.0831299,-0.0923462,0.664307,0.737
1535253290147251,0.083252,-0.0917969,0.664307,0.737061
1535253290177835,0.0828857,-0.0914307,0.664368,0.737122
1535253290198888,0.0831909,-0.0906982,0.664429,0.737061
1535253290206910,0.0834961,-0.0899658,0.664429,0.737122
1535253290229971,0.0842285,-0.0891724,0.66449,0.737122
1535253290252531,0.0853882,-0.0883179,0.664612,0.736938
1535253290273588,0.0864868,-0.0874023,0.664734,0.736816
1535253290290131,0.0874634,-0.0861816,0.664856,0.736755
1535253290312692,0.0887451,-0.0848389,0.664978,0.736633
1535253290333801,0.0894165,-0.0838623,0.664978,0.736694
1535253290350292,0.0897827,-0.0831909,0.664978,0.736694
1535253290372914,0.0906982,-0.0822144,0.664917,0.736755
1535253290393406,0.0910034,-0.0818481,0.664734,0.736877
1535253290409951,0.0907593,-0.0819092,0.664551,0.737122
1535253290432513,0.0904541,-0.0821533,0.664307,0.737366
1535253290453570,0.090332,-0.0821533,0.664124,0.737488
1535253290470111,0.0905151,-0.0819092,0.664063,0.73761
1535253290498781,0.0910645,-0.081604,0.664001,0.73761
1535253290513727,0.0915527,-0.0813599,0.664063,0.737549
1535253290530270,0.09198,-0.0812988,0.664063,0.737488
1535253290552913,0.0928345,-0.0809326,0.664001,0.737427
1535253290573886,0.0936279,-0.0803833,0.664063,0.737366
1535253290590431,0.0942383,-0.0799561,0.664063,0.737305
1535253290612488,0.0944214,-0.079834,0.664124,0.737305
1535253290633572,0.0947266,-0.0795288,0.664246,0.737183
1535253290650110,0.0952148,-0.0791626,0.664368,0.737
1535253290672651,0.0957031,-0.0791016,0.664429,0.736877
1535253290693706,0.0958862,-0.0791626,0.664551,0.736755
1535253290710249,0.0960693,-0.0790405,0.664612,0.736694
1535253290732812,0.0960693,-0.0790405,0.664612,0.736694
1535253290755443,0.0963135,-0.0789185,0.664612,0.736694
1535253290777433,0.0963135,-0.0789185,0.664612,0.736694
1535253290792468,0.0963135,-0.0789185,0.664612,0.736694
1535253290815153,0.0962524,-0.0789795,0.664612,0.736633
1535253290830069,0.0966187,-0.0789795,0.664734,0.736511
1535253290852630,0.0968018,-0.0791626,0.664795,0.73645
1535253290875202,0.0969849,-0.0794067,0.664795,0.736389
1535253290890730,0.09729,-0.0794678,0.664795,0.736328
1535253290912500,0.09729,-0.0794678,0.664795,0.736328
1535253290935066,0.0974731,-0.0795288,0.664734,0.736389
1535253290949756,0.0975342,-0.079895,0.664612,0.736389
1535253290972660,0.0977173,-0.0800781,0.66449,0.73645
1535253290995219,0.0975952,-0.0804443,0.664368,0.736572
1535253291009256,0.0975952,-0.0804443,0.664368,0.736572
1535253291032896,0.0975342,-0.0805054,0.664368,0.736572
1535253291055378,0.0975342,-0.0803833,0.664429,0.736511
1535253291069416,0.0979614,-0.0800171,0.664429,0.736511
1535253291092546,0.0984497,-0.0794067,0.664429,0.736511
1535253291115038,0.098938,-0.0789185,0.664429,0.736511
1535253291129655,0.0994263,-0.0786133,0.664429,0.73645
1535253291152678,0.0994263,-0.0788574,0.664368,0.736511
1535253291175201,0.0990601,-0.0789795,0.664307,0.736572
1535253291189779,0.0990601,-0.0789795,0.664307,0.736572
1535253291212798,0.098877,-0.0791016,0.664307,0.736633
1535253291235360,0.0988159,-0.0791626,0.664307,0.736633
1535253291256413,0.0990601,-0.0791626,0.664307,0.736572
1535253291272728,0.0994873,-0.0790405,0.664368,0.73645
1535253291295017,0.0997314,-0.0787964,0.664429,0.736389
1535253291316078,0.0996704,-0.0787964,0.664429,0.736389
1535253291332616,0.0996094,-0.0787964,0.66449,0.736389
1535253291355177,0.0996094,-0.0788574,0.66449,0.736389
1535253291376232,0.0996094,-0.0788574,0.66449,0.736389
1535253291392777,0.0996704,-0.0788574,0.66449,0.736389
1535253291415439,0.0994263,-0.0786743,0.664368,0.736511
1535253291436392,0.0993652,-0.0783691,0.664307,0.736633
1535253291452497,0.0999146,-0.0778198,0.664246,0.736633
1535253291475022,0.100281,-0.0776367,0.664185,0.736694
1535253291496057,0.100586,-0.0772095,0.664063,0.736755
1535253291512617,0.101257,-0.0767822,0.664124,0.736694
1535253291535156,0.101807,-0.076416,0.664124,0.736633
1535253291556211,0.102234,-0.0761108,0.664124,0.736633
1535253291572757,0.102417,-0.0759888,0.664124,0.736572
1535253291602916,0.102661,-0.0758667,0.664185,0.736511
1535253291615870,0.103088,-0.0757446,0.664185,0.736511
1535253291632459,0.103088,-0.0757446,0.664185,0.736511
1535253291654974,0.102966,-0.0758057,0.664124,0.736511
1535253291676035,0.102722,-0.0760498,0.664124,0.736511
1535253291692573,0.102539,-0.0762939,0.664124,0.736572
1535253291715227,0.102478,-0.0762939,0.664124,0.736572
1535253291737694,0.102661,-0.0761719,0.664124,0.736511
1535253291752885,0.102966,-0.0760498,0.664124,0.736511
1535253291775296,0.102966,-0.0760498,0.664124,0.736511
1535253291797901,0.102966,-0.0760498,0.664124,0.736511
1535253291812394,0.103149,-0.0758667,0.664124,0.736511
1535253291842514,0.103577,-0.0758667,0.664063,0.736511
1535253291864038,0.103943,-0.0759277,0.664063,0.73645
1535253291872053,0.103943,-0.0759277,0.664063,0.73645
1535253291895169,0.104187,-0.0758667,0.664063,0.73645
1535253291917803,0.104492,-0.0759888,0.664063,0.736389
1535253291932214,0.104492,-0.0759888,0.664063,0.736389
1535253291955365,0.104492,-0.0759888,0.664063,0.736389
1535253291977835,0.104675,-0.0760498,0.664001,0.736389
1535253291991873,0.104736,-0.0760498,0.664001,0.736389
1535253292015438,0.104736,-0.0760498,0.664001,0.736389
1535253292037996,0.104736,-0.0760498,0.664001,0.736389
1535253292052032,0.104736,-0.0760498,0.664001,0.736389
1535253292075092,0.105042,-0.0759277,0.664001,0.736389
1535253292097653,0.105164,-0.0758057,0.664001,0.736328
1535253292112260,0.105408,-0.0755615,0.664001,0.736389
1535253292135323,0.105774,-0.0753174,0.66394,0.736328
1535253292157526,0.105835,-0.0753174,0.66394,0.736328
1535253292171856,0.105774,-0.0753174,0.66394,0.736328
1535253292195412,0.105774,-0.0752563,0.66394,0.736328
1535253292217976,0.106079,-0.0753174,0.66394,0.736328
1535253292239029,0.106506,-0.0752563,0.663818,0.736389
1535253292255279,0.10675,-0.0751953,0.663757,0.736389
1535253292277632,0.106934,-0.0750122,0.663635,0.736511
1535253292298686,0.107544,-0.074585,0.663574,0.736511
1535253292314229,0.108215,-0.0744629,0.663513,0.73645
1535253292337800,0.108215,-0.0744629,0.663513,0.73645
1535253292358878,0.108398,-0.0743408,0.663452,0.736511
1535253292375403,0.108459,-0.0742798,0.663452,0.736511
1535253292397953,0.108459,-0.0742798,0.663452,0.736511
1535253292420515,0.108459,-0.0743408,0.663452,0.736511
1535253292441577,0.108459,-0.0743408,0.663452,0.736511
1535253292457752,0.108643,-0.0742188,0.663391,0.736511
1535253292478667,0.109009,-0.0739746,0.663391,0.736511
1535253292495399,0.109253,-0.0738525,0.663391,0.736511
1535253292517903,0.109497,-0.0737915,0.66333,0.736511
1535253292538829,0.109497,-0.0737305,0.66333,0.736511
1535253292555374,0.109497,-0.0737305,0.66333,0.736511
1535253292577428,0.109375,-0.0739746,0.66333,0.736511
1535253292599001,0.109375,-0.0739746,0.66333,0.736511
1535253292615040,0.109375,-0.0739746,0.66333,0.736511
1535253292637597,0.109375,-0.0739746,0.66333,0.736511
1535253292658995,0.109375,-0.0739746,0.66333,0.736511
1535253292675192,0.109375,-0.0739746,0.66333,0.736511
1535253292697751,0.109375,-0.0739746,0.66333,0.736511
1535253292720310,0.109436,-0.0739746,0.66333,0.736511
1535253292735347,0.109436,-0.0739746,0.66333,0.736511
1535253292757924,0.109436,-0.0739746,0.66333,0.736511
1535253292780468,0.109436,-0.0739746,0.66333,0.736511
1535253292795009,0.109375,-0.0740356,0.663269,0.736572
1535253292817576,0.109375,-0.0739746,0.663269,0.736572
1535253292840133,0.109375,-0.0739746,0.663269,0.736572
1535253292854791,0.109375,-0.0739746,0.663269,0.736572
1535253292877853,0.109741,-0.0740356,0.663269,0.736511
1535253292900411,0.109741,-0.0740356,0.663269,0.736511
1535253292914446,0.109985,-0.0737915,0.663208,0.736511
1535253292938015,0.110352,-0.0736694,0.663208,0.736511
1535253292960105,0.110352,-0.0736084,0.663208,0.736511
1535253292974740,0.110352,-0.0736084,0.663208,0.736511
1535253292997768,0.110352,-0.0736694,0.663208,0.736511
1535253293020306,0.110352,-0.0736694,0.663208,0.736511
1535253293034347,0.110596,-0.0734863,0.663208,0.736511
1535253293057409,0.110596,-0.0735474,0.663208,0.736511
1535253293079965,0.110596,-0.0735474,0.663208,0.736511
1535253293094551,0.110657,-0.0735474,0.663208,0.736511
1535253293117564,0.110657,-0.0735474,0.663208,0.736511
1535253293140126,0.110657,-0.0735474,0.663208,0.736511
1535253293161179,0.110657,-0.0735474,0.663208,0.736511
1535253293177724,0.110657,-0.0735474,0.663208,0.736511
1535253293200324,0.110657,-0.0735474,0.663208,0.736511
1535253293221337,0.110657,-0.0735474,0.663208,0.736511
1535253293244959,0.110657,-0.0735474,0.663208,0.736511
1535253293260052,0.110657,-0.0735474,0.663208,0.736511
1535253293281558,0.110657,-0.0735474,0.663208,0.736511
1535253293297769,0.110718,-0.0734863,0.663208,0.736511
1535253293320186,0.110718,-0.0734863,0.663208,0.736511
1535253293341324,0.110718,-0.0735474,0.663208,0.736511
1535253293357760,0.110718,-0.0735474,0.663208,0.736511
1535253293380317,0.110779,-0.0735474,0.663208,0.736511
1535253293385340,0.110779,-0.0735474,0.663208,0.736511
1535253293407891,0.110779,-0.0735474,0.663208,0.736511
1535253293423433,0.110779,-0.0735474,0.663208,0.736511
1535253293445493,0.110779,-0.0734863,0.663208,0.736511
1535253293468052,0.11084,-0.0734863,0.663208,0.736511
1535253293483092,0.110718,-0.0736084,0.663208,0.736511
1535253293507167,0.110535,-0.0737305,0.663147,0.736511
1535253293530722,0.110535,-0.0737915,0.663147,0.736511
1535253293544646,0.110535,-0.0737915,0.663147,0.736511
1535253293565810,0.110535,-0.0737915,0.663147,0.736511
1535253293587974,0.110596,-0.0737305,0.663147,0.736511
1535253293602911,0.110535,-0.0737305,0.663147,0.736511
1535253293625472,0.110901,-0.0736084,0.663208,0.73645
1535253293648059,0.110962,-0.0736084,0.663208,0.73645
1535253293663073,0.110962,-0.0736084,0.663208,0.73645
1535253293685649,0.110962,-0.0736084,0.663208,0.73645
1535253293708250,0.111145,-0.0735474,0.663208,0.736389
1535253293723244,0.111206,-0.0735474,0.663208,0.736389
1535253293745335,0.111267,-0.0735474,0.663208,0.736389
1535253293768428,0.111206,-0.0735474,0.663208,0.736389
1535253293782995,0.111084,-0.0736084,0.663208,0.73645
1535253293805548,0.111084,-0.0736084,0.663208,0.73645
1535253293828258,0.111084,-0.0736694,0.663208,0.73645
1535253293843149,0.111084,-0.0736084,0.663208,0.73645
1535253293865713,0.111084,-0.0736694,0.663208,0.73645
1535253293888362,0.111084,-0.0736084,0.663208,0.73645
1535253293903010,0.110962,-0.0737305,0.663147,0.736511
1535253293925569,0.111084,-0.0736084,0.663147,0.73645
1535253293948027,0.110962,-0.0737305,0.663147,0.73645
1535253293963067,0.110962,-0.0737305,0.663147,0.73645
1535253293985673,0.111267,-0.0736084,0.663208,0.736389
1535253294008191,0.111267,-0.0736084,0.663208,0.736389
1535253294023231,0.111267,-0.0736084,0.663208,0.736389
1535253294045792,0.111267,-0.0736084,0.663208,0.736389
1535253294068361,0.111267,-0.0736084,0.663208,0.736389
1535253294084893,0.111328,-0.0736084,0.663208,0.736389
1535253294105454,0.111328,-0.0736084,0.663208,0.736389
1535253294128010,0.111328,-0.0736084,0.663208,0.736389
1535253294143125,0.111328,-0.0735474,0.663208,0.736389
1535253294168616,0.111328,-0.0736084,0.663208,0.736389
1535253294188199,0.111328,-0.0736084,0.663208,0.736389
1535253294203207,0.111084,-0.0738525,0.663147,0.73645
1535253294225271,0.111084,-0.0738525,0.663147,0.73645
1535253294248386,0.111084,-0.0737915,0.663147,0.73645
1535253294264369,0.111145,-0.0737915,0.663147,0.73645
1535253294285461,0.111145,-0.0737915,0.663147,0.73645
1535253294308024,0.111145,-0.0737915,0.663147,0.73645
1535253294324535,0.111145,-0.0737915,0.663147,0.73645
1535253294353140,0.111145,-0.0737915,0.663147,0.73645
1535253294368189,0.111145,-0.0737915,0.663147,0.73645
1535253294386193,0.111145,-0.0738525,0.663147,0.73645
1535253294405746,0.111145,-0.0737915,0.663147,0.73645
1535253294427803,0.111145,-0.0737915,0.663147,0.73645
1535253294444349,0.111145,-0.0737915,0.663147,0.73645
1535253294465406,0.111145,-0.0737305,0.663147,0.73645
1535253294487963,0.111023,-0.0738525,0.663147,0.73645
1535253294504516,0.111023,-0.0738525,0.663147,0.73645
1535253294525687,0.111023,-0.0739136,0.663147,0.73645
1535253294548124,0.111023,-0.0739136,0.663147,0.73645
1535253294566174,0.111023,-0.0739136,0.663147,0.73645
1535253294585730,0.111084,-0.0738525,0.663147,0.73645
1535253294608290,0.111084,-0.0738525,0.663147,0.73645
1535253294625960,0.111084,-0.0738525,0.663147,0.73645
1535253294645388,0.110779,-0.0740356,0.663086,0.736511
1535253294675512,0.110779,-0.0740356,0.663086,0.736511
1535253294685994,0.110779,-0.0740356,0.663086,0.736511
1535253294705589,0.110779,-0.0740356,0.663086,0.736511
1535253294728147,0.110779,-0.0740356,0.663086,0.736511
1535253294746164,0.110779,-0.0740356,0.663086,0.736511
1535253294765740,0.110779,-0.0740356,0.663086,0.736511
1535253294788264,0.11084,-0.0740356,0.663086,0.736511
1535253294805811,0.110718,-0.0742188,0.663025,0.736572
1535253294825935,0.110718,-0.0742188,0.663025,0.736572
1535253294847926,0.110718,-0.0741577,0.663025,0.736572
1535253294865972,0.110718,-0.0741577,0.663025,0.736572
1535253294885552,0.110718,-0.0741577,0.663025,0.736572
1535253294908110,0.110779,-0.0741577,0.663025,0.736572
1535253294926242,0.110779,-0.0741577,0.663025,0.736572
1535253294945789,0.110779,-0.0741577,0.663025,0.736572
1535253294967883,0.110718,-0.0741577,0.663025,0.736572
1535253294985897,0.110718,-0.0741577,0.663025,0.736572
1535253295005448,0.111023,-0.0740356,0.663025,0.736572
1535253295028008,0.111023,-0.0740356,0.663025,0.736572
1535253295046058,0.111023,-0.0740356,0.663025,0.736572
1535253295065733,0.111084,-0.0740356,0.663025,0.736572
1535253295088304,0.111023,-0.0739746,0.663025,0.736572
1535253295105827,0.111084,-0.0739746,0.663025,0.736572
1535253295125408,0.111084,-0.0740356,0.663025,0.736572
1535253295147933,0.111084,-0.0740356,0.663025,0.736572
1535253295165982,0.111084,-0.0740356,0.663025,0.736572
1535253295193091,0.111084,-0.0739746,0.663025,0.736572
1535253295208149,0.111145,-0.0739746,0.662964,0.736572
1535253295225641,0.111145,-0.0739746,0.662964,0.736572
1535253295247197,0.111145,-0.0739746,0.662964,0.736572
1535253295268324,0.111145,-0.0739746,0.662964,0.736572
1535253295285801,0.111145,-0.0739746,0.662964,0.736572
1535253295306948,0.111145,-0.0739746,0.662964,0.736572
1535253295328044,0.111145,-0.0739746,0.662964,0.736572
1535253295346043,0.111328,-0.0737915,0.663025,0.736511
1535253295367098,0.111328,-0.0737915,0.663025,0.736511
1535253295388159,0.111389,-0.0737915,0.663025,0.736511
1535253295406160,0.111267,-0.0739136,0.662964,0.736572
1535253295426756,0.111023,-0.0739136,0.662964,0.736633
1535253295448315,0.111023,-0.0739136,0.662964,0.736633
1535253295473998,0.111023,-0.0739136,0.662964,0.736633
1535253295492973,0.111023,-0.0739136,0.662964,0.736633
1535253295508023,0.111023,-0.0739136,0.662964,0.736633
1535253295526075,0.111023,-0.0739136,0.662964,0.736633
1535253295548771,0.111023,-0.0739136,0.662964,0.736633
1535253295568134,0.111023,-0.0739136,0.662964,0.736633
1535253295586186,0.111023,-0.0739136,0.662964,0.736633
1535253295608741,0.111084,-0.0739136,0.662964,0.736633
1535253295628297,0.111084,-0.0739136,0.662964,0.736633
1535253295645977,0.111084,-0.0739136,0.662964,0.736633
1535253295668401,0.111084,-0.0739136,0.662964,0.736633
1535253295687952,0.111084,-0.0739136,0.662964,0.736633
1535253295706000,0.111084,-0.0739136,0.662964,0.736633
1535253295729105,0.111084,-0.0739136,0.662964,0.736633
1535253295748114,0.111084,-0.0739136,0.662964,0.736633
1535253295772176,0.111145,-0.0738525,0.662964,0.736633
1535253295788278,0.111145,-0.0739136,0.662964,0.736633
1535253295808312,0.110901,-0.0739136,0.662903,0.736694
1535253295825824,0.110901,-0.0739136,0.662903,0.736694
1535253295848379,0.110962,-0.0739136,0.662903,0.736694
1535253295867932,0.110962,-0.0739136,0.662903,0.736694
1535253295885980,0.110962,-0.0739136,0.662903,0.736694
1535253295908590,0.110962,-0.0739136,0.662903,0.736694
1535253295928095,0.110962,-0.0738525,0.662903,0.736694
1535253295946138,0.111023,-0.0738525,0.662903,0.736694
1535253295968705,0.111023,-0.0738525,0.662903,0.736694
1535253295987746,0.111023,-0.0738525,0.662903,0.736694
1535253296006325,0.111023,-0.0738525,0.662903,0.736694
1535253296028858,0.111023,-0.0738525,0.662903,0.736694
1535253296050968,0.111023,-0.0738525,0.662903,0.736694
1535253296066008,0.111023,-0.0738525,0.662903,0.736694
1535253296088569,0.111084,-0.0738525,0.662903,0.736694
1535253296109572,0.111084,-0.0738525,0.662903,0.736694
1535253296126123,0.111084,-0.0738525,0.662903,0.736694
1535253296148677,0.111084,-0.0738525,0.662903,0.736694
1535253296169236,0.111084,-0.0738525,0.662903,0.736694
1535253296185831,0.111084,-0.0738525,0.662903,0.736694
1535253296208365,0.111145,-0.0738525,0.662903,0.736694
1535253296229687,0.111145,-0.0737915,0.662842,0.736694
1535253296245999,0.111145,-0.0737915,0.662903,0.736694
1535253296268495,0.111389,-0.0736694,0.662903,0.736633
1535253296289552,0.111389,-0.0736694,0.662903,0.736633
1535253296305093,0.111389,-0.0736694,0.662903,0.736633
1535253296328154,0.111389,-0.0736694,0.662903,0.736633
1535253296348710,0.111389,-0.0736694,0.662903,0.736633
1535253296365252,0.11145,-0.0736694,0.662842,0.736633
1535253296387853,0.11145,-0.0736694,0.662842,0.736633
1535253296408910,0.11145,-0.0736694,0.662842,0.736633
1535253296431428,0.11145,-0.0736084,0.662842,0.736633
1535253296447471,0.111511,-0.0736084,0.662842,0.736633
1535253296470286,0.111328,-0.0737915,0.662842,0.736694
1535253296485224,0.111328,-0.0737915,0.662842,0.736694
1535253296507632,0.111328,-0.0737305,0.662842,0.736694
1535253296530191,0.111328,-0.0737305,0.662842,0.736694
1535253296544229,0.111328,-0.0737305,0.662842,0.736694
1535253296567797,0.111328,-0.0737305,0.662842,0.736694
1535253296606400,0.111328,-0.0736694,0.662842,0.736694
1535253296618934,0.111389,-0.0737305,0.662842,0.736694
1535253296627454,0.111389,-0.0737305,0.662842,0.736694
1535253296650011,0.111389,-0.0736694,0.662842,0.736694
1535253296664550,0.111389,-0.0737305,0.662842,0.736694
1535253296687696,0.111389,-0.0736694,0.662842,0.736694
1535253296710553,0.11145,-0.0736694,0.662842,0.736694
1535253296724297,0.111389,-0.0737305,0.662781,0.736694
1535253296747854,0.111206,-0.0738525,0.662781,0.736755
1535253296770144,0.111206,-0.0738525,0.662781,0.736755
1535253296784455,0.111206,-0.0738525,0.662781,0.736755
1535253296807515,0.111206,-0.0737915,0.662781,0.736755
1535253296830074,0.111267,-0.0737915,0.662781,0.736755
1535253296844698,0.111267,-0.0737915,0.662781,0.736755
1535253296867678,0.111267,-0.0737915,0.662781,0.736755
1535253296890233,0.111267,-0.0737915,0.662781,0.736755
1535253296911288,0.111267,-0.0737915,0.662781,0.736755
1535253296927833,0.111267,-0.0737305,0.662781,0.736755
1535253296950392,0.111267,-0.0737305,0.662781,0.736755
1535253296971474,0.111267,-0.0737305,0.662781,0.736755
1535253296987736,0.111633,-0.0737305,0.662781,0.736755
1535253297010056,0.111633,-0.0736694,0.662781,0.736755
1535253297031110,0.111633,-0.0736694,0.662781,0.736755
1535253297047652,0.111694,-0.0736694,0.662781,0.736755
1535253297070435,0.111694,-0.0736694,0.66272,0.736755
1535253297091302,0.111694,-0.0736694,0.66272,0.736755
1535253297107813,0.111755,-0.0736084,0.66272,0.736755
1535253297129878,0.111694,-0.0736084,0.66272,0.736755
1535253297158446,0.111755,-0.0736084,0.66272,0.736755
1535253297167632,0.111755,-0.0736084,0.66272,0.736755
1535253297190030,0.111755,-0.0736084,0.66272,0.736755
1535253297211137,0.111755,-0.0736084,0.66272,0.736755
1535253297227682,0.111755,-0.0735474,0.66272,0.736755
1535253297250190,0.111816,-0.0735474,0.66272,0.736755
1535253297271291,0.111816,-0.0735474,0.66272,0.736755
1535253297287796,0.111816,-0.0735474,0.66272,0.736755
1535253297310353,0.111694,-0.0735474,0.662659,0.736816
1535253297331407,0.111694,-0.0735474,0.662659,0.736816
1535253297347953,0.111694,-0.0735474,0.662659,0.736816
1535253297370096,0.111694,-0.0735474,0.662659,0.736816
1535253297391081,0.111694,-0.0735474,0.662659,0.736816
1535253297413663,0.111694,-0.0735474,0.662659,0.736816
1535253297437690,0.111938,-0.0734253,0.662659,0.736816
1535253297452842,0.111938,-0.0733643,0.662659,0.736816
1535253297467917,0.111938,-0.0733643,0.662598,0.736816
1535253297490570,0.112,-0.0733643,0.662598,0.736816
1535253297513006,0.112,-0.0733643,0.662598,0.736816
1535253297527932,0.112,-0.0733643,0.662598,0.736816
1535253297549988,0.112,-0.0733032,0.662598,0.736816
1535253297572548,0.112061,-0.0733032,0.662598,0.736816
1535253297587186,0.112061,-0.0733032,0.662598,0.736816
1535253297610151,0.112061,-0.0733032,0.662598,0.736816
1535253297632712,0.112061,-0.0733032,0.662598,0.736816
1535253297647246,0.112061,-0.0733032,0.662598,0.736816
1535253297670309,0.112061,-0.0732422,0.662598,0.736816
1535253297692870,0.112061,-0.0733032,0.662598,0.736816
1535253297713930,0.112061,-0.0733032,0.662598,0.736816
1535253297729969,0.112061,-0.0732422,0.662598,0.736816
1535253297752528,0.112122,-0.0732422,0.662598,0.736816
1535253297767189,0.112122,-0.0732422,0.662598,0.736816
1535253297790128,0.112122,-0.0731812,0.662598,0.736816
1535253297812686,0.112122,-0.0731812,0.662598,0.736816
1535253297827091,0.112183,-0.0732422,0.662598,0.736816
1535253297850286,0.112122,-0.0731812,0.662598,0.736816
1535253297872621,0.112183,-0.0731812,0.662598,0.736816
1535253297893907,0.112183,-0.0731812,0.662598,0.736877
1535253297910448,0.112244,-0.0731812,0.662598,0.736877
1535253297932654,0.112244,-0.0731201,0.662598,0.736877
1535253297961080,0.112244,-0.0731201,0.662598,0.736877
1535253297971611,0.112305,-0.0731201,0.662598,0.736877
1535253297992665,0.112305,-0.0731201,0.662598,0.736877
1535253298013761,0.112305,-0.0730591,0.662598,0.736877
1535253298030292,0.112305,-0.0730591,0.662598,0.736877
1535253298052862,0.112305,-0.0730591,0.662598,0.736877
1535253298073881,0.112305,-0.0730591,0.662598,0.736877
1535253298089926,0.112305,-0.0730591,0.662598,0.736877
1535253298112521,0.112366,-0.0730591,0.662537,0.736877
1535253298133623,0.112366,-0.0730591,0.662537,0.736877
1535253298150139,0.112427,-0.0730591,0.662537,0.736877
1535253298172646,0.112366,-0.0730591,0.662537,0.736877
1535253298193701,0.112366,-0.072998,0.662537,0.736877
1535253298210246,0.112427,-0.072937,0.662537,0.736877
1535253298232805,0.112366,-0.0731201,0.662537,0.736877
1535253298261424,0.112305,-0.0731201,0.662537,0.736877
1535253298269907,0.112366,-0.0731201,0.662537,0.736877
1535253298292464,0.112366,-0.0730591,0.662537,0.736877
1535253298313570,0.112732,-0.072998,0.662537,0.736816
1535253298330071,0.112732,-0.072998,0.662537,0.736816
1535253298352624,0.112732,-0.072998,0.662537,0.736816
1535253298375185,0.112793,-0.072998,0.662537,0.736816
1535253298390224,0.11261,-0.072998,0.662537,0.736877
1535253298412948,0.112671,-0.072998,0.662537,0.736877
1535253298435369,0.11261,-0.072937,0.662537,0.736877
1535253298449981,0.11261,-0.072998,0.662537,0.736877
1535253298472448,0.11261,-0.072937,0.662537,0.736877
1535253298495008,0.112671,-0.072937,0.662537,0.736877
1535253298510043,0.112671,-0.072937,0.662537,0.736877
1535253298532604,0.112549,-0.072937,0.662537,0.736877
1535253298561222,0.112549,-0.072998,0.662476,0.736877
1535253298569701,0.112549,-0.072937,0.662476,0.736877
1535253298592764,0.112549,-0.072937,0.662476,0.736877
1535253298615323,0.112549,-0.072937,0.662476,0.736877
1535253298629363,0.11261,-0.072876,0.662476,0.736877
1535253298652421,0.11261,-0.072876,0.662476,0.736877
1535253298675110,0.112671,-0.072876,0.662476,0.736877
1535253298689519,0.11261,-0.072937,0.662476,0.736877
1535253298712773,0.11261,-0.072876,0.662476,0.736877
1535253298735278,0.112671,-0.072876,0.662476,0.736877
1535253298749675,0.112671,-0.072876,0.662476,0.736877
1535253298772882,0.112671,-0.072876,0.662476,0.736877
1535253298794939,0.112671,-0.0728149,0.662476,0.736877
1535253298823513,0.112671,-0.0728149,0.662476,0.736938
1535253298832539,0.112732,-0.0728149,0.662476,0.736938
1535253298855190,0.112427,-0.072937,0.662476,0.736938
1535253298876192,0.112427,-0.072937,0.662476,0.736938
1535253298892747,0.112488,-0.072937,0.662476,0.736938
1535253298915258,0.112488,-0.072937,0.662476,0.736938
1535253298936352,0.112488,-0.072937,0.662476,0.736938
1535253298952939,0.112488,-0.072937,0.662476,0.736938
1535253298975003,0.112488,-0.072876,0.662476,0.736938
1535253298996555,0.112549,-0.072876,0.662476,0.736938
1535253299012597,0.112366,-0.072998,0.662476,0.736938
1535253299035158,0.112366,-0.072998,0.662476,0.736938
1535253299056327,0.112366,-0.072998,0.662476,0.736938
1535253299078772,0.112366,-0.072998,0.662476,0.736938
1535253299102837,0.112427,-0.072937,0.662476,0.736938
1535253299116373,0.112427,-0.072937,0.662476,0.736938
1535253299132917,0.112427,-0.072937,0.662476,0.736938
1535253299154976,0.112488,-0.072937,0.662476,0.736938
1535253299176037,0.112305,-0.0732422,0.662415,0.736938
1535253299192674,0.111816,-0.0736084,0.662415,0.737
1535253299215135,0.111938,-0.0736084,0.662292,0.737061
1535253299236191,0.112915,-0.0735474,0.66217,0.737122
1535253299252737,0.113464,-0.0741577,0.661926,0.737122
1535253299275299,0.113647,-0.0744019,0.661804,0.737183
1535253299297854,0.114136,-0.0744629,0.661682,0.737244
1535253299312651,0.114319,-0.0750122,0.66156,0.737244
1535253299335455,0.114685,-0.0754395,0.661499,0.737183
1535253299357613,0.115723,-0.0754395,0.661499,0.737061
1535253299380131,0.116516,-0.0755615,0.661255,0.737122
1535253299395114,0.117249,-0.0754395,0.661133,0.737183
1535253299417796,0.119324,-0.0743408,0.660828,0.737183
1535253299431712,0.121338,-0.0737915,0.660461,0.737244
1535253299455275,0.122742,-0.0726929,0.659851,0.737671
1535253299477835,0.124878,-0.072998,0.658875,0.738159
1535253299491871,0.127258,-0.071228,0.658936,0.737854
1535253299514933,0.130371,-0.0685425,0.65863,0.737854
1535253299537493,0.132141,-0.0661621,0.658508,0.737854
1535253299558552,0.133301,-0.0639038,0.65863,0.737732
1535253299575092,0.13385,-0.0619507,0.658813,0.73761
1535253299597868,0.132996,-0.0620117,0.658752,0.737854
1535253299612199,0.13324,-0.0606689,0.658447,0.738159
1535253299635253,0.133545,-0.0595093,0.657898,0.73877
1535253299658350,0.132324,-0.0595093,0.657532,0.739258
1535253299671947,0.131714,-0.0603027,0.65741,0.739441
1535253299694942,0.131653,-0.0610352,0.657288,0.739441
1535253299717573,0.131592,-0.0617676,0.657166,0.739563
1535253299732041,0.131836,-0.062561,0.657288,0.739319
1535253299755338,0.132019,-0.0634766,0.657593,0.738892
1535253299777661,0.131348,-0.0643311,0.657898,0.738708
1535253299798756,0.132446,-0.0638428,0.658203,0.738281
1535253299815260,0.133545,-0.0632324,0.658508,0.737854
1535253299837820,0.133728,-0.0630493,0.658875,0.737549
1535253299858878,0.134033,-0.0629272,0.65918,0.737183
1535253299874921,0.13446,-0.0623169,0.659302,0.737061
1535253299897485,0.135437,-0.0616455,0.659363,0.736877
1535253299919037,0.135376,-0.0614624,0.659302,0.737
1535253299935080,0.135071,-0.0615234,0.659302,0.737
1535253299957651,0.135254,-0.0615845,0.659302,0.737
1535253299978696,0.135071,-0.0620728,0.659241,0.737
1535253299995239,0.134399,-0.0629883,0.659302,0.737061
1535253300017800,0.134155,-0.0638428,0.659241,0.737061
1535253300038854,0.134155,-0.0644531,0.65918,0.737061
1535253300055399,0.133606,-0.0654297,0.659058,0.737183
1535253300077458,0.13269,-0.0661621,0.659119,0.737244
1535253300098514,0.13208,-0.0668945,0.659302,0.737061
1535253300115058,0.131775,-0.0672607,0.659607,0.736816
1535253300137714,0.131714,-0.0672607,0.659729,0.736755
1535253300166195,0.131226,-0.0668945,0.65979,0.736816
1535253300175295,0.130798,-0.0665894,0.659973,0.736755
1535253300198282,0.130981,-0.0662842,0.660095,0.736633
1535253300218836,0.131104,-0.0661621,0.660217,0.736511
1535253300235379,0.130798,-0.0665283,0.660461,0.736267
1535253300257945,0.129944,-0.0675049,0.660889,0.736023
1535253300279999,0.129089,-0.0682983,0.661072,0.735901
1535253300295040,0.129272,-0.0679321,0.661133,0.73584
1535253300317598,0.128967,-0.0679932,0.661377,0.735718
1535253300339864,0.128479,-0.0680542,0.661377,0.735779
1535253300354904,0.128235,-0.0679932,0.661255,0.735901
1535253300377570,0.128235,-0.0678101,0.661133,0.736084
1535253300400029,0.128296,-0.0678101,0.661133,0.736084
1535253300414564,0.128418,-0.0675049,0.661011,0.736145
1535253300437625,0.128052,-0.0670166,0.661011,0.736267
1535253300466308,0.128052,-0.0656738,0.660889,0.736511
1535253300474726,0.128113,-0.06427,0.660706,0.736755
1535253300497787,0.128479,-0.0632324,0.660583,0.736938
1535253300520347,0.127991,-0.0629272,0.660522,0.737061
1535253300541401,0.127563,-0.0628662,0.660522,0.737122
1535253300557448,0.127075,-0.0628052,0.6604,0.737305
1535253300580004,0.126282,-0.0626221,0.659973,0.737854
1535253300594543,0.125854,-0.0620728,0.659485,0.738464
1535253300617603,0.125671,-0.0617065,0.659119,0.738831
1535253300640164,0.125122,-0.0616455,0.658569,0.739441
1535253300654703,0.123535,-0.0617065,0.657959,0.740234
1535253300677765,0.122131,-0.0613403,0.657471,0.740906
1535253300700324,0.121887,-0.0604858,0.657043,0.741394
1535253300722883,0.121582,-0.0596313,0.656616,0.741882
1535253300737931,0.121033,-0.0587769,0.65625,0.742371
1535253300766030,0.120483,-0.0577393,0.655762,0.742981
1535253300781037,0.120789,-0.0563354,0.655273,0.743469
1535253300803597,0.121521,-0.0549927,0.654663,0.744019
1535253300820143,0.121887,-0.0539551,0.653809,0.744812
1535253300841259,0.122437,-0.0524902,0.652832,0.745605
1535253300857788,0.123718,-0.0508423,0.651917,0.746338
1535253300880307,0.125061,-0.0496826,0.651245,0.746826
1535253300901357,0.125793,-0.0487061,0.650391,0.747498
1535253300917400,0.126892,-0.0465088,0.649231,0.748413
1535253300940462,0.129517,-0.0426025,0.648071,0.749207
1535253300961546,0.133179,-0.0380249,0.647095,0.749695
1535253300977060,0.136719,-0.0333252,0.646057,0.750122
1535253301000129,0.139893,-0.0282593,0.645203,0.750488
1535253301022681,0.144104,-0.0233765,0.644409,0.750549
1535253301045246,0.150452,-0.0178833,0.643555,0.750183
1535253301060281,0.155884,-0.0125732,0.643127,0.749573
1535253301081450,0.160278,-0.00805664,0.642883,0.748901
1535253301096881,0.163818,-0.00335693,0.642761,0.748291
1535253301119968,0.166809,0.00280762,0.642578,0.747742
1535253301141499,0.172058,0.0122681,0.641968,0.747009
1535253301157040,0.180237,0.0252075,0.640808,0.745789
1535253301180103,0.189331,0.0409546,0.639099,0.744263
1535253301202660,0.198303,0.0587158,0.636902,0.742615
1535253301216701,0.207825,0.078064,0.633484,0.74115
1535253301240317,0.217773,0.0979614,0.629028,0.739746
1535253301262822,0.227661,0.118408,0.62262,0.739197
1535253301277190,0.238098,0.140259,0.614441,0.738892
1535253301300078,0.249329,0.163391,0.604431,0.738708
1535253301322552,0.26123,0.186829,0.59259,0.738647
1535253301345233,0.271973,0.209045,0.579834,0.738953
1535253301360151,0.280823,0.230591,0.565979,0.739929
1535253301382715,0.28894,0.253479,0.551392,0.740356
1535253301403773,0.296875,0.276367,0.535828,0.740479
1535253301420309,0.304443,0.29834,0.519531,0.740417
1535253301442873,0.311218,0.319275,0.50238,0.740784
1535253301463940,0.317139,0.339539,0.48407,0.741394
1535253301479973,0.320068,0.357422,0.466309,0.743164
1535253301502535,0.320862,0.371765,0.449341,0.746155
1535253301525224,0.321167,0.38446,0.432068,0.749817
1535253301540130,0.316162,0.393555,0.417358,0.755554
1535253301562690,0.307007,0.400513,0.406128,0.761719
1535253301583743,0.299744,0.406799,0.395081,0.767151
1535253301600290,0.295288,0.412048,0.384338,0.771484
1535253301622851,0.292297,0.41626,0.374451,0.775269
1535253301645408,0.28833,0.418762,0.366455,0.779175
1535253301660771,0.283813,0.419922,0.360352,0.78302
1535253301682511,0.280396,0.420532,0.35498,0.786377
1535253301703563,0.278503,0.42041,0.350586,0.789124
1535253301720107,0.276855,0.419495,0.347473,0.791565
1535253301742670,0.275208,0.417908,0.345947,0.793579
1535253301763725,0.273743,0.415894,0.345703,0.795288
1535253301780270,0.273132,0.413452,0.346313,0.796509
1535253301802830,0.272949,0.410583,0.347473,0.797546
1535253301823384,0.272949,0.407043,0.349792,0.79834
1535253301840429,0.27179,0.40271,0.353638,0.799255
1535253301862776,0.269104,0.397156,0.358887,0.800598
1535253301884100,0.266602,0.390808,0.364868,0.801819
1535253301899586,0.264893,0.383728,0.371155,0.802979
1535253301922647,0.263977,0.376099,0.377563,0.803894
1535253301943705,0.262512,0.367798,0.385437,0.804443
1535253301959747,0.259644,0.358582,0.395264,0.804749
1535253301982807,0.255676,0.348572,0.406311,0.804932
1535253302003985,0.252014,0.337219,0.417847,0.804993
1535253302019602,0.249695,0.325684,0.429138,0.804565
1535253302042473,0.246216,0.31311,0.441833,0.803772
1535253302063524,0.242798,0.300598,0.454895,0.802246
1535253302079740,0.24054,0.28949,0.467163,0.799988
1535253302110146,0.242798,0.281006,0.476868,0.79657
1535253302123721,0.250427,0.274475,0.483765,0.792358
1535253302155266,0.260193,0.269836,0.489319,0.787354
1535253302162786,0.268005,0.265747,0.495056,0.782532
1535253302184921,0.272705,0.261475,0.501343,0.77832
1535253302199382,0.274719,0.256653,0.508057,0.774902
1535253302222459,0.277039,0.252014,0.514099,0.771545
1535253302245003,0.280273,0.248047,0.519531,0.768066
1535253302267564,0.284851,0.244507,0.524109,0.764404
1535253302282607,0.289673,0.240784,0.528259,0.760864
1535253302305164,0.293396,0.235962,0.532959,0.75769
1535253302326222,0.294678,0.229492,0.539429,0.754639
1535253302342262,0.293579,0.220947,0.547363,0.751831
1535253302365324,0.293091,0.211975,0.555054,0.748962
1535253302386380,0.295288,0.204407,0.561646,0.7453
1535253302402444,0.299805,0.198914,0.567078,0.740845
1535253302424984,0.306702,0.194641,0.571289,0.735901
1535253302446040,0.313538,0.191162,0.574768,0.731201
1535253302462583,0.317749,0.187927,0.578613,0.727234
1535253302485144,0.31958,0.184692,0.58252,0.724121
1535253302506304,0.320862,0.182251,0.585815,0.721497
1535253302522744,0.323364,0.181396,0.587524,0.719177
1535253302545302,0.327515,0.182007,0.587769,0.71698
1535253302566360,0.330933,0.182617,0.587646,0.715332
1535253302582401,0.33197,0.182312,0.587952,0.714661
1535253302604960,0.331299,0.181213,0.588806,0.7146
1535253302626555,0.330383,0.179993,0.589478,0.714783
1535253302642642,0.3302,0.178955,0.589905,0.714722
1535253302665189,0.330688,0.178162,0.590271,0.714417
1535253302686285,0.331116,0.17749,0.590637,0.71405
1535253302702310,0.331055,0.176636,0.591003,0.713989
1535253302725283,0.330627,0.175232,0.591431,0.714172
1535253302746444,0.330261,0.173889,0.591553,0.7146
1535253302762383,0.329224,0.171936,0.591553,0.715576
1535253302785442,0.327637,0.16925,0.590759,0.717529
1535253302806541,0.325623,0.166077,0.589233,0.720459
1535253302822540,0.321716,0.16156,0.587341,0.724731
1535253302828164,0.315979,0.156311,0.585022,0.730347
1535253302850620,0.308655,0.149963,0.582825,0.736511
1535253302873261,0.301086,0.142883,0.580261,0.743042
1535253302888214,0.294067,0.136108,0.577332,0.74939
1535253302910395,0.287842,0.130066,0.574707,0.754883
1535253302941414,0.282654,0.12561,0.572693,0.759094
1535253302949430,0.279236,0.123413,0.571167,0.761902
1535253302970466,0.277893,0.122986,0.570007,0.763306
1535253302993027,0.278809,0.12384,0.569092,0.763489
1535253303009569,0.28125,0.125916,0.568481,0.762756
1535253303030744,0.283875,0.128418,0.568298,0.761475
1535253303053274,0.285461,0.130554,0.568604,0.760254
1535253303070768,0.286438,0.132629,0.568909,0.759338
1535253303090812,0.287537,0.134521,0.56897,0.758545
1535253303113350,0.289124,0.135803,0.568604,0.757996
1535253303129634,0.290039,0.136047,0.568542,0.757629
1535253303150451,0.290405,0.135803,0.568665,0.757446
1535253303173004,0.290344,0.135315,0.568848,0.757385
1535253303188085,0.290466,0.134705,0.568848,0.757446
1535253303210605,0.290771,0.134644,0.568848,0.757385
1535253303233167,0.291199,0.134827,0.568909,0.757141
1535253303248205,0.291748,0.135315,0.568909,0.756836
1535253303278286,0.292725,0.136292,0.568726,0.756409
1535253303293356,0.293701,0.13739,0.568604,0.75592
1535253303308370,0.294617,0.13855,0.568542,0.755432
1535253303330940,0.295471,0.139526,0.568604,0.754883
1535253303353037,0.296326,0.140503,0.568604,0.754333
1535253303371033,0.297546,0.141724,0.568298,0.753906
1535253303390687,0.298889,0.143188,0.567932,0.753357
1535253303413143,0.299988,0.145447,0.567139,0.753052
1535253303428182,0.301453,0.14856,0.565674,0.75293
